ep,t,good_side,explore,v,correct,e_ll,g_ll,e_lr,g_lr,e_rl,g_rl,e_rr,g_rr
0,0,left,1,-0.2532,0,16751.367,150.0,9975.876,150.0,27067.1621,150.0,20151.1806,150.0
0,1,right,1,-0.2198,1,13168.6894,149.95228,8212.6436,149.98035,10515.7381,149.98118,5633.1533,149.98806
0,2,left,1,0.244,1,482.699,149.97309,2741.7994,149.99584,10895.0479,150.04812,16227.1478,150.02168
0,3,right,0,0.0178,0,11755.6335,150.00452,11929.1757,150.05522,6329.6383,150.06489,6399.1467,150.04409
0,4,right,1,0.2444,0,6538.4142,149.99561,7046.3515,150.04054,7137.3043,150.04493,6977.0318,149.99424
0,5,right,1,0.2618,0,12053.2219,149.98401,13853.5232,150.0269,8170.6795,150.0226,6883.4258,149.94424
0,6,right,0,0.0206,0,11906.5668,149.97293,10996.018,150.01374,6905.0197,150.0016,6320.2762,149.89774
0,7,right,0,0.0084,0,7633.0689,149.96404,7479.9771,150.00071,2696.8874,149.984,2486.2154,149.84733
0,8,left,1,0.2342,1,2588.4537,149.95495,2890.0685,149.98738,9515.9256,149.96621,12297.7225,149.79688
0,9,left,1,-0.2358,0,9054.9334,149.98392,6988.9742,150.04811,15240.8812,149.9835,11701.8673,149.81968
0,10,right,0,0.0014,0,10999.08,149.9395,10974.2842,150.03035,5044.8612,149.9684,5334.3034,149.80872
0,11,right,1,0.256,0,5942.8052,149.93072,7664.916,150.01388,7277.7187,149.95024,8541.9526,149.76145
0,12,right,0,0.0112,0,10761.7518,149.92007,10071.2632,150.00328,5339.1934,149.93071,5208.7918,149.71353
0,13,right,1,0.2416,0,10667.6488,149.91068,12108.8522,149.98958,7535.8082,149.91338,7761.3746,149.66566
0,14,left,0,-0.002,0,4789.9122,149.89928,2673.6057,149.97747,11948.724,149.89396,10627.5889,149.61981
0,15,left,0,-0.0144,0,3024.809,149.85098,2461.2375,149.96373,14815.7851,149.87886,14599.9913,149.61196
0,16,left,0,-0.0022,0,7499.5836,149.80378,5974.2237,149.95004,7710.1956,149.86442,7312.3165,149.60394
0,17,right,1,0.2512,0,9122.5394,149.75816,10159.211,149.93509,7001.9763,149.84847,7925.8715,149.59562
0,18,left,0,0.0006,1,8558.7896,149.74889,4601.3861,149.92314,15935.4881,149.83122,13508.5104,149.55186
0,19,right,1,-0.2272,1,8787.1877,149.77414,7397.5579,149.98896,5209.0753,149.84778,4414.2664,149.57703
0,20,right,1,-0.239,1,12471.0008,149.79154,9290.5138,150.00226,13764.8211,149.91525,11006.75,149.60732
0,21,left,1,-0.2186,0,1866.9534,149.81024,-1276.3441,150.01701,14021.5736,149.97901,8256.2914,149.63859
0,22,right,0,0.002,0,11946.0215,149.76335,11594.543,149.99917,10208.6614,149.96415,10222.0689,149.62876
0,23,left,0,-0.0134,0,10583.5918,149.75463,8520.4375,149.98594,12935.9476,149.94598,11642.1827,149.58088
0,24,left,0,-0.011,0,6083.8359,149.7098,5891.953,149.97032,7979.7822,149.92991,7936.7202,149.57236
0,25,left,1,-0.2444,0,4489.2698,149.66445,4275.7217,149.95649,11760.3518,149.91544,9985.4972,149.56454
0,26,left,1,-0.2366,0,7934.3707,149.62116,4614.7781,149.93905,10882.2487,149.90279,8017.7808,149.55422
0,27,right,1,0.2522,0,7205.9227,149.57926,8567.6576,149.92293,9941.4485,149.88811,12019.5096,149.54443
0,28,left,1,-0.2214,0,5146.6396,149.57037,4234.1928,149.91234,16517.2046,149.86851,13622.7697,149.49934
0,29,right,1,-0.2418,1,7524.3574,149.52873,6667.2314,149.89687,9880.022,149.85595,9930.8827,149.49016
0,30,left,1,-0.237,0,10507.6822,149.54773,5594.5365,149.91193,13322.3216,149.92154,8809.5144,149.52143
0,31,right,1,0.2328,0,9330.9461,149.50612,12069.9782,149.89625,4398.0267,149.90787,6568.2529,149.51197
0,32,left,1,-0.226,0,8056.222,149.49675,4619.8693,149.884,16447.0761,149.88796,12554.5717,149.46804
0,33,left,1,-0.2452,0,6050.3914,149.45682,4022.2826,149.8688,11131.2077,149.87408,8632.0396,149.45965
0,34,right,1,-0.2272,1,14052.5494,149.41742,10370.3703,149.85447,8654.898,149.86037,4339.8951,149.45059
0,35,right,0,0.0104,0,9795.1251,149.44031,9830.95,149.86938,3240.0562,149.92795,3903.8185,149.48195
0,36,left,1,0.244,1,2403.2102,149.43249,4180.9904,149.85741,9498.4677,149.91018,12346.728,149.43483
0,37,left,0,-0.0072,0,6669.4182,149.46421,4424.0099,149.92244,9548.1073,149.92956,8233.5252,149.45757
0,38,right,1,-0.2356,1,12358.8925,149.42219,11448.2948,149.90821,6023.8949,149.91441,5895.3495,149.45001
0,39,right,1,-0.2222,1,13043.4447,149.44165,8568.9896,149.92356,7830.9007,149.98039,5799.993,149.48172
0,40,right,1,0.223,0,7745.7257,149.46438,11691.9181,149.93952,-855.0869,150.04637,299.746,149.5144
0,41,left,0,-0.0034,0,7344.7477,149.45511,6598.6205,149.92597,12362.3283,150.02321,12037.8685,149.46956
0,42,right,0,-0.0176,1,9396.5015,149.41271,8900.2613,149.91074,5677.8164,150.00838,4613.3627,149.46164
0,43,left,1,-0.2302,0,6692.1487,149.43552,8166.6059,149.92443,10876.1545,150.07868,10388.2765,149.49193
0,44,right,1,-0.2384,1,9431.7855,149.39531,6656.0634,149.90637,4974.3305,150.06494,2604.3059,149.48116
0,45,left,0,0.003,1,7576.0529,149.41847,6878.4529,149.92166,14944.9748,150.12805,14481.9229,149.51265
0,46,left,1,-0.2028,0,9357.1353,149.44852,8536.2256,149.985,13203.8955,150.14349,11738.1722,149.53731
0,47,right,1,0.2454,0,10970.3321,149.40955,14840.8522,149.96529,5860.556,150.1271,7501.9509,149.52644
0,48,right,1,0.2368,0,12229.1995,149.39846,14059.1457,149.95138,199.6767,150.10192,-754.3557,149.48104
0,49,right,0,-0.0178,1,14255.1057,149.38741,13060.2678,149.93998,7838.727,150.07849,7344.9024,149.43715
0,50,right,1,0.226,0,11353.2746,149.41202,11855.7227,149.95379,7027.5366,150.14998,6468.1306,149.47005
0,51,right,0,-0.0066,1,9314.7301,149.40126,7685.3322,149.94076,6344.439,150.12512,3904.5606,149.42639
0,52,right,0,-0.02,1,3022.1721,149.42413,2368.9793,149.95496,11020.2915,150.1956,9445.544,149.45928
0,53,left,1,0.243,1,5012.8262,149.44761,6234.3838,149.96849,9405.1753,150.2611,11732.4611,149.49007
0,54,left,1,-0.2256,0,8046.7272,149.4825,8215.6889,150.03315,10114.2497,150.27906,8494.0122,149.51414
0,55,left,0,0.0026,1,6065.4653,149.44213,5092.2911,150.01306,15049.778,150.26292,14596.7767,149.50322
0,56,right,1,-0.218,1,13443.8965,149.47295,11639.6286,150.07511,3108.3053,150.27774,3666.049,149.53039
0,57,right,1,-0.2124,1,14369.4756,149.49378,11179.5542,150.09086,2913.7483,150.33863,3362.4827,149.56783
0,58,left,0,0.0038,1,6677.7353,149.51434,4692.7387,150.1078,14717.5751,150.40247,13759.5382,149.60339
0,59,left,1,-0.2008,0,1645.502,149.54613,2937.5266,150.17058,12252.6867,150.41745,11773.3814,149.62686
0,60,right,0,-0.0058,1,12185.6046,149.50381,10673.6209,150.14835,8413.6367,150.4017,6286.3683,149.61486
0,61,left,1,-0.2148,0,1139.9007,149.52577,2485.3592,150.16201,12644.6046,150.46418,11977.3723,149.64674
0,62,right,1,-0.2252,1,9215.0807,149.48467,8291.7663,150.13868,-897.6554,150.44801,422.1477,149.63452
0,63,right,1,0.2332,0,10727.874,149.50443,11359.0653,150.15535,10578.0641,150.50889,11545.0762,149.67041
0,64,right,1,0.2366,0,11077.63,149.49251,10835.9397,150.1419,7815.6836,150.47965,5264.2114,149.62369
0,65,left,1,-0.2202,0,3852.097,149.48087,2029.3086,150.12938,15070.658,150.45073,12461.7439,149.57789
0,66,right,1,0.2236,0,9702.7661,149.43949,10374.9746,150.10577,7261.3726,150.43375,5517.6003,149.56519
0,67,left,0,0.007,1,10806.7917,149.42806,8650.369,150.09219,7272.8312,150.40521,6015.6707,149.52083
0,68,right,0,-0.012,1,11971.9179,149.45875,10118.3617,150.15579,5633.6852,150.4204,3504.8245,149.5459
0,69,right,1,-0.2382,1,10338.8454,149.48033,9640.0009,150.16984,5658.7096,150.48358,6424.4031,149.58011
0,70,right,0,-0.0096,1,14083.3134,149.50149,13158.9953,150.18631,11694.1745,150.54616,11127.9718,149.617
0,71,right,0,-0.0098,1,14626.7207,149.52377,13215.2991,150.19917,12487.6523,150.60798,10380.1323,149.64875
0,72,left,1,-0.2328,0,4784.6009,149.54586,4281.4424,150.21279,14810.4673,150.67097,13031.3662,149.68202
0,73,left,1,0.2276,1,7986.2597,149.503,10701.115,150.18979,13601.1606,150.65412,17337.978,149.66855
0,74,left,1,-0.2198,0,7876.0204,149.53963,5079.921,150.24959,11275.371,150.67122,7814.2527,149.69303
0,75,right,1,-0.2196,1,7727.6944,149.49862,6833.6867,150.22507,6898.2682,150.65255,7568.6003,149.68023
0,76,right,1,0.2362,0,8378.55,149.52009,8002.2302,150.24185,6005.5922,150.71454,3011.429,149.71954
0,77,right,1,0.2206,0,11597.3643,149.50725,11909.2722,150.22897,10237.5237,150.68178,8521.3022,149.67282
0,78,left,1,-0.2068,0,3412.2021,149.49435,2460.2825,150.2145,10945.3447,150.64788,8204.2628,149.62897
0,79,left,1,-0.2156,0,7146.659,149.45296,9708.2725,150.19255,10368.6937,150.62933,11331.8984,149.61593
0,80,right,1,-0.2328,1,11270.6261,149.41235,10178.0838,150.17046,4644.6073,150.61201,5259.3295,149.60372
0,81,left,1,0.2548,1,2381.3378,149.43229,3223.2993,150.18659,8387.9807,150.66886,12068.6349,149.6395
0,82,left,0,0.0204,1,5725.2926,149.47131,3866.3472,150.24889,14542.0852,150.68615,13841.8504,149.66322
0,83,right,1,0.2162,0,12419.89,149.50374,13770.3624,150.30923,6335.7831,150.6996,6538.3365,149.68717
0,84,right,0,-0.0146,1,13317.2962,149.49029,11413.9753,150.29456,7988.3691,150.66639,5139.5808,149.63981
0,85,right,1,0.2056,0,8523.7818,149.51349,9436.8359,150.30927,4756.9473,150.72695,5190.1916,149.67381
0,86,left,0,0.0086,1,7766.9278,149.50076,6487.1953,150.29487,12267.8131,150.69391,11864.0729,149.62683
0,87,left,1,0.2338,1,3476.6998,149.53465,2488.2093,150.35523,7461.5362,150.70823,8508.2725,149.65272
0,88,left,1,0.2354,1,-2498.4626,149.57206,-4662.3531,150.41466,9752.8765,150.72458,10210.9468,149.67444
0,89,left,1,0.2448,1,3391.3203,149.60886,2066.8057,150.47102,10897.0931,150.74021,11865.2804,149.69641
0,90,right,1,0.219,0,7393.8091,149.64775,7487.8153,150.52947,6370.7409,150.75659,4680.6944,149.7182
0,91,right,1,-0.2488,1,12616.3718,149.63445,11561.15,150.51351,506.2196,150.72258,3948.4168,149.67243
0,92,right,1,-0.2358,1,11616.8283,149.65515,9764.1961,150.52946,6985.1326,150.7809,5373.9314,149.71314
0,93,right,0,-0.0212,1,9114.8882,149.67297,7983.6711,150.54381,6861.669,150.83618,6114.1055,149.75061
0,94,left,0,0.0234,1,2155.3215,149.69461,2051.5987,150.55673,14490.4325,150.895,14770.652,149.78551
0,95,right,1,-0.2554,1,15161.5534,149.72841,11646.7695,150.61459,1520.2168,150.90929,2253.5335,149.80917
0,96,left,1,-0.2196,0,2248.2531,149.74838,6578.5252,150.63009,7093.8777,150.96676,8346.9295,149.84991
0,97,left,0,0.0172,1,857.3493,149.70546,639.8548,150.60184,10116.1529,150.94968,9894.9879,149.83524
0,98,right,0,-0.0218,1,13777.5265,149.74208,12817.6433,150.66231,10794.1605,150.96352,9609.3128,149.85817
0,99,right,1,-0.2508,1,13999.0215,149.76356,13016.4258,150.67567,-1329.87,151.02083,2711.4474,149.89563
1,0,left,1,-0.2175,0,16574.5151,149.78298,13657.0634,150.69109,29032.4824,151.07555,24892.4586,149.93455
1,1,left,1,0.2389,1,9032.4137,149.73566,10525.8332,150.65819,13872.3319,151.05064,15876.1824,149.91655
1,2,left,1,-0.2337,0,7786.1996,149.77698,6577.2221,150.71081,16586.8167,151.06707,13400.3287,149.93764
1,3,left,1,0.2641,1,9474.2436,149.73019,11770.6659,150.68052,13242.7846,151.04775,16689.5198,149.9213
1,4,left,0,0.0237,1,13196.2673,149.76709,11948.0854,150.73468,17917.7289,151.06317,17533.7482,149.94024
1,5,right,1,0.2365,0,14020.269,149.8002,14965.0388,150.78741,12477.3944,151.07536,12280.7597,149.96068
1,6,right,1,0.2085,0,4831.9822,149.78495,4268.7306,150.77037,10274.5681,151.03514,9793.1926,149.9092
1,7,left,0,0.0237,1,9153.5843,149.76959,8181.5533,150.75165,14712.623,150.99333,14138.3766,149.85631
1,8,left,1,-0.2261,0,8508.591,149.80541,9277.0887,150.80635,16302.4236,151.00767,14990.5328,149.87837
1,9,left,1,0.2525,1,8308.2942,149.75819,6972.3086,150.77388,14016.6106,150.98798,14285.872,149.86288
1,10,right,0,-0.0275,1,19161.634,149.79345,17702.6885,150.82552,14404.7695,151.00361,12736.139,149.88291
1,11,left,0,0.0187,1,10141.5705,149.8137,9983.6419,150.83675,14828.5591,151.05697,14981.4552,149.91758
1,12,right,0,-0.0165,1,16791.764,149.84669,15414.5026,150.89135,11151.7252,151.07109,9644.704,149.9383
1,13,left,1,0.2543,1,9902.6104,149.86644,10980.7996,150.90327,13393.797,151.12504,16548.642,149.97345
1,14,left,1,-0.2247,0,8936.0247,149.90612,7587.762,150.95441,15904.1789,151.14047,13412.8795,149.99286
1,15,right,0,-0.0147,1,13690.7333,149.85887,11994.3702,150.91867,11243.6129,151.11884,9322.9059,149.97536
1,16,right,0,-0.0261,1,17460.0666,149.87825,15946.5311,150.93027,16249.3799,151.17543,14911.6717,150.01075
1,17,left,1,-0.2279,0,11513.4645,149.8972,9832.7088,150.94162,15864.2704,151.228,12357.8183,150.04697
1,18,left,1,0.2479,1,11140.6217,149.85015,9567.8225,150.90311,12697.7322,151.20398,12912.2275,150.02809
1,19,left,1,0.2547,1,9019.047,149.88438,10200.7205,150.95241,11267.796,151.2183,13714.5588,150.04659
1,20,left,1,0.2695,1,7837.0503,149.9223,7006.8609,151.00261,13320.5302,151.23371,15387.685,150.06631
1,21,right,1,-0.2235,1,17600.7368,149.95777,14755.9333,151.04931,14306.6399,151.24786,12602.6254,150.08534
1,22,right,0,-0.0209,1,18256.2371,149.97749,16501.1707,151.06349,16815.2719,151.30126,15161.1195,150.12517
1,23,left,0,0.0279,1,12042.7845,149.99815,11487.2506,151.07603,17275.2991,151.35273,17149.9655,150.16235
1,24,right,1,-0.2583,1,15774.8786,150.03244,12882.2824,151.1258,8705.0615,151.36557,9779.5131,150.18309
1,25,left,1,0.2615,1,9963.0965,150.05008,9616.0016,151.13957,11028.866,151.41509,12215.0666,150.22167
1,26,right,1,-0.2577,1,13079.9011,150.08504,13139.1341,151.18893,7131.4143,151.42878,9964.6646,150.23801
1,27,left,0,0.0111,1,11602.1633,150.10232,10959.2238,151.20198,16981.8479,151.47631,16741.7631,150.27582
1,28,left,1,-0.2103,0,9242.3089,150.13876,11971.4342,151.25264,17242.816,151.48837,16986.4767,150.29517
1,29,right,1,-0.2485,1,12720.641,150.08753,12635.2279,151.21214,8657.7475,151.46433,10334.0983,150.27598
1,30,right,1,0.2241,0,10834.6522,150.1031,11449.0445,151.22685,9371.7724,151.5145,7723.9633,150.31417
1,31,left,0,0.0243,1,11375.6665,150.085,10650.5498,151.20576,16402.009,151.46751,16010.4027,150.25794
1,32,left,0,0.0261,1,10083.2398,150.11816,9420.5665,151.25536,17686.3744,151.48092,17760.7133,150.27624
1,33,left,1,0.2583,1,7370.861,150.15523,4427.7844,151.30398,11186.4954,151.49424,11096.5508,150.29666
1,34,right,0,-0.0123,1,10657.8737,150.19538,9514.5154,151.35047,14073.6668,151.50919,13264.4736,150.31347
1,35,right,0,-0.0139,1,12213.2375,150.21292,10454.852,151.3612,15362.9062,151.55828,12865.7434,150.34675
1,36,right,0,-0.0163,1,14765.2473,150.23069,13230.217,151.37356,14452.6688,151.61111,12604.5175,150.38292
1,37,right,1,0.2325,0,11528.1433,150.24817,11285.2248,151.38451,11402.13,151.66034,9146.1627,150.41876
1,38,left,1,0.2687,1,5867.6964,150.22971,3155.9839,151.36272,13601.8234,151.60995,15550.9239,150.3617
1,39,left,0,0.0319,1,14725.8072,150.26807,13699.7072,151.41016,17529.8366,151.62351,17475.9592,150.3785
1,40,right,1,0.2317,0,7446.7687,150.30286,6508.266,151.45738,7251.9789,151.63532,4304.2759,150.39658
1,41,right,1,0.2293,0,13811.3058,150.28482,15571.6062,151.43642,10442.5085,151.58673,8746.7967,150.33896
1,42,right,1,0.2279,0,7674.5731,150.26588,7433.7179,151.41533,9597.1069,151.53943,8638.3002,150.28208
1,43,left,1,0.2665,1,9425.3002,150.24748,6304.7046,151.39553,10294.9939,151.49398,9441.4093,150.22569
1,44,right,0,-0.0125,1,9770.8588,150.28656,8727.0,151.44134,13784.5386,151.50825,12491.7619,150.24403
1,45,left,1,-0.2251,0,7480.5969,150.3001,9181.0892,151.45243,14390.24,151.55723,13691.3163,150.27939
1,46,left,1,0.2621,1,8409.3913,150.2464,7178.6461,151.41112,14250.7666,151.53341,16122.1658,150.25975
1,47,left,0,0.0225,1,11376.5019,150.28468,11070.8633,151.45392,15777.8543,151.54713,15928.1424,150.27691
1,48,left,1,-0.2197,0,6812.9222,150.31922,9000.5533,151.49904,16074.5114,151.5589,15597.1022,150.29703
1,49,right,1,0.2359,0,14293.9442,150.26596,11948.3745,151.45624,13515.8027,151.53552,7691.1981,150.27662
1,50,left,1,-0.2181,0,12939.3287,150.24696,11472.1211,151.43538,15200.7738,151.4876,12891.4152,150.22021
1,51,right,1,-0.2459,1,14061.9351,150.19516,13397.9276,151.39443,8203.2279,151.46278,10700.5903,150.20061
1,52,right,0,-0.0193,1,18458.9595,150.21056,16722.5138,151.40566,14822.7644,151.51142,12495.0108,150.23949
1,53,left,0,0.0181,1,11010.9213,150.22914,10544.9808,151.41658,19461.6538,151.56323,19337.5377,150.27538
1,54,right,0,-0.0201,1,19200.3102,150.26465,17324.6198,151.46265,12844.8286,151.57596,10978.1315,150.29342
1,55,right,1,0.2359,0,11827.3803,150.28308,11110.941,151.47331,13144.5629,151.62364,9725.6068,150.32942
1,56,right,1,-0.2465,1,12744.5401,150.26411,12701.2901,151.45384,10970.8647,151.5758,12624.2814,150.27469
1,57,left,0,0.0169,1,7992.334,150.27993,6752.9336,151.46648,13691.6953,151.62381,13464.1364,150.31426
1,58,right,0,-0.0183,1,13104.8849,150.31381,11799.3377,151.51373,13378.2592,151.63603,11640.7755,150.33207
1,59,left,1,-0.2339,0,8105.5962,150.33002,7583.7346,151.52392,15236.05,151.68346,14463.5676,150.36726
1,60,right,1,-0.2627,1,11685.5367,150.27743,11615.6472,151.47961,8422.6466,151.65879,11201.5846,150.34588
1,61,left,1,0.2629,1,7321.3406,150.294,4424.8977,151.49294,14954.0969,151.70633,15389.625,150.38509
1,62,right,1,-0.2469,1,10051.4586,150.33289,9816.8767,151.53773,7689.9681,151.72162,10287.7946,150.40223
1,63,left,1,0.2571,1,10247.2736,150.3483,9960.1707,151.54942,14345.3832,151.76805,15342.54,150.44106
1,64,right,0,-0.0143,1,11850.0615,150.3863,10658.79,151.59332,15272.1482,151.78135,13949.0001,150.45792
1,65,left,1,0.2537,1,12209.9054,150.40231,11983.1004,151.60369,10957.0132,151.82901,12531.0555,150.49256
1,66,left,0,0.0255,1,8956.2826,150.44191,8497.3959,151.64685,14668.5869,151.84255,14602.142,150.50959
1,67,right,0,-0.0209,1,16495.5884,150.47671,14847.4818,151.68994,14896.722,151.85442,13308.2069,150.52856
1,68,left,0,0.0159,1,9380.8308,150.49459,8524.7365,151.70024,13625.5149,151.90177,13465.0053,150.56411
1,69,right,0,-0.0129,1,15551.2767,150.5297,14016.8208,151.74504,16796.9558,151.91404,15122.4655,150.58137
1,70,right,0,-0.0189,1,15585.8849,150.54542,14432.031,151.75481,12937.0704,151.95976,12062.1939,150.61711
1,71,right,0,-0.0143,1,9742.7249,150.56114,8774.3712,151.76471,16175.097,152.00498,15352.2391,150.65175
1,72,left,0,0.0243,1,8735.9602,150.57814,8464.4978,151.77519,17236.2634,152.05044,17483.037,150.68889
1,73,left,0,0.0249,1,9569.5345,150.61363,9015.7273,151.81927,14541.7136,152.06092,14472.1111,150.70598
1,74,right,1,0.2269,0,13678.6239,150.65141,13803.7411,151.86421,10140.8976,152.07241,6164.3486,150.72314
1,75,left,0,0.0203,1,11857.2033,150.62976,10886.479,151.84078,16470.5119,152.01497,16072.3306,150.66273
1,76,right,1,-0.2431,1,13705.2871,150.66448,11815.6742,151.88383,8160.0575,152.0264,10388.4463,150.6808
1,77,left,1,0.2575,1,12634.7427,150.67838,8204.4817,151.89401,13578.1597,152.07039,12700.616,150.72014
1,78,right,0,-0.0133,1,15180.7783,150.71749,14123.3779,151.93538,12831.8999,152.08409,11582.0381,150.73713
1,79,right,0,-0.0147,1,13649.777,150.73421,12355.691,151.94615,14389.4463,152.13084,12981.5882,150.77632
1,80,right,0,-0.0101,1,9263.671,150.75123,7783.5532,151.95674,12785.2042,152.17321,11651.3714,150.812
1,81,left,0,0.0165,1,11913.5239,150.76565,11316.6539,151.96652,15072.6768,152.21587,14537.0348,150.84765
1,82,left,1,-0.2217,0,6626.7342,150.80148,10005.8485,152.00717,14277.0975,152.22688,15532.1052,150.86405
1,83,left,0,0.0231,1,12768.0501,150.74448,12487.6597,151.95757,14819.1729,152.19871,14732.1416,150.83957
1,84,right,0,-0.0165,1,15361.9155,150.7787,13783.7673,151.99812,13193.0759,152.20829,11461.3416,150.85581
1,85,left,1,0.2481,1,8467.6089,150.79392,3664.4993,152.00801,16754.2485,152.2518,15891.3606,150.89167
1,86,left,0,0.0205,1,13543.1489,150.83005,13299.2744,152.04853,14820.3894,152.265,14520.1872,150.90575
1,87,left,1,0.2359,1,13031.6622,150.86511,10995.1583,152.08994,16452.6563,152.27549,16591.4389,150.92074
1,88,right,0,-0.0047,1,13619.7468,150.90249,12150.4521,152.13063,14234.5634,152.2873,13477.078,150.93424
1,89,right,0,-0.0127,1,16103.6272,150.91705,14898.7027,152.13971,11946.9137,152.32824,10587.4457,150.97
1,90,left,0,0.0173,1,12075.5651,150.93043,11633.6067,152.14888,17396.8763,152.36827,17567.321,151.00522
1,91,left,1,-0.2205,0,8326.5078,150.96194,13157.0754,152.1862,13126.8757,152.37716,14520.5458,151.01918
1,92,left,1,0.2519,1,8496.1304,150.90261,5884.7818,152.13358,9256.3513,152.34798,8594.7908,150.99431
1,93,right,1,0.2197,0,11731.8935,150.94101,11674.063,152.17419,12745.767,152.35973,10566.2342,151.00718
1,94,right,1,0.2121,0,17885.5841,150.9183,16717.8414,152.14786,12604.4436,152.30075,6862.5581,150.94314
1,95,right,1,-0.2537,1,15455.511,150.8959,15447.0043,152.1234,4669.2609,152.24136,11365.5784,150.87902
1,96,left,1,-0.2257,0,9316.0562,150.90799,13885.1689,152.13397,5735.33,152.28181,9543.5296,150.91809
1,97,right,1,-0.2299,1,3022.2554,150.84658,4646.5214,152.08013,8652.148,152.25401,11106.4924,150.89224
1,98,left,0,0.0169,1,9837.7442,150.86012,8877.7586,152.0904,12737.3257,152.29449,12116.8582,150.92973
1,99,right,0,-0.0093,1,15800.1225,150.89606,14402.5033,152.13199,11591.2912,152.30575,10400.6724,150.94589
2,0,right,1,0.1869,0,20286.0619,150.91081,24617.0796,152.14086,5533.2258,152.34682,7792.9746,150.98154
2,1,left,1,-0.2261,0,2149.4692,150.88673,6116.0017,152.10873,8575.2808,152.28616,9153.5528,150.91671
2,2,right,1,0.1767,0,11109.0059,150.82756,12765.9394,152.05718,3297.1033,152.26002,2404.8695,150.8929
2,3,right,1,-0.2349,1,6134.3667,150.80598,6081.7386,152.03405,-754.1563,152.20726,2182.1631,150.83015
2,4,right,1,0.2083,0,9202.8011,150.82082,8736.3199,152.04502,4299.9249,152.24921,1723.3678,150.86789
2,5,left,0,0.0099,1,-492.2822,150.79863,225.2551,152.02082,11587.0177,152.19067,12246.1408,150.80491
2,6,left,1,-0.1897,0,5391.763,150.83222,6257.8532,152.06304,11290.8877,152.2003,9633.6703,150.82193
2,7,right,1,0.1995,0,15423.3667,150.77365,14529.9559,152.01303,10010.9106,152.17359,7872.7533,150.79917
2,8,left,1,-0.2053,0,3419.8769,150.75326,4564.6529,151.99076,14704.1634,152.11882,13921.1154,150.73633
2,9,left,1,-0.2209,0,5393.6046,150.69411,7153.4095,151.94211,8787.0753,152.09174,9305.1859,150.71447
2,10,left,0,0.0061,1,-2452.3,150.63696,-1154.2594,151.89403,14248.1128,152.06537,14996.8145,150.69245
2,11,right,0,-0.0245,1,11716.9925,150.6735,11995.4933,151.93523,8281.8218,152.07696,9088.2349,150.71065
2,12,left,1,-0.2135,0,5141.9205,150.69058,6792.5398,151.94404,11375.598,152.1237,10497.892,150.74746
2,13,left,1,-0.1937,0,4297.2536,150.63369,5278.3177,151.89785,10134.1524,152.09744,9064.0978,150.72603
2,14,left,1,-0.1913,0,3125.349,150.57921,5014.4165,151.85152,18051.5325,152.07202,15946.7269,150.70482
2,15,right,0,-0.0241,1,13120.6737,150.52604,13160.5475,151.80519,4400.023,152.04656,5377.876,150.68318
2,16,left,0,0.0075,1,-1450.457,150.54272,747.13,151.81518,13057.223,152.09373,14325.9442,150.71916
2,17,left,0,0.0059,1,5639.805,150.57768,8095.8935,151.86114,7223.5294,152.10364,8800.7213,150.73781
2,18,right,1,0.2055,0,-428.1989,150.61404,-1380.964,151.90488,4937.8045,152.11653,2876.9121,150.75765
2,19,right,0,-0.0261,1,11040.1498,150.59516,11259.8872,151.88237,6385.6359,152.06474,7264.5436,150.69561
2,20,left,0,0.0141,1,5645.8783,150.61071,7601.4552,151.89159,11926.2545,152.10994,13881.2011,150.73171
2,21,left,1,-0.1981,0,550.3329,150.64495,1126.7289,151.93798,13485.3806,152.12042,11524.8912,150.7484
2,22,left,0,0.0097,1,2699.4457,150.58943,4566.6988,151.89082,10200.3456,152.09438,11098.587,150.72645
2,23,left,1,0.2373,1,5954.0671,150.62315,7027.4446,151.9355,6276.922,152.10493,8145.4835,150.74539
2,24,left,0,0.0109,1,6155.4426,150.66157,7907.6405,151.97811,8718.7579,152.11745,9981.1629,150.76008
2,25,left,1,0.2359,1,1006.0729,150.69419,606.2837,152.01999,3612.6072,152.1272,4432.0121,150.77581
2,26,left,1,0.2489,1,6442.5168,150.73087,5056.512,152.06093,11940.0248,152.13899,12737.9881,150.7906
2,27,right,0,-0.0257,1,5153.206,150.76963,5467.1686,152.10187,5823.1248,152.15187,6335.1034,150.80489
2,28,left,1,0.2335,1,4606.1251,150.7847,6309.3191,152.10976,8455.1609,152.19936,11135.2079,150.841
2,29,right,1,-0.2389,1,9622.4773,150.82084,9105.5646,152.15047,3672.0147,152.21163,5749.1253,150.85502
2,30,right,1,0.2091,0,9212.6305,150.83473,9742.4553,152.16077,2104.1609,152.2543,964.4577,150.89532
2,31,right,0,-0.0225,1,9337.5523,150.81289,9368.0845,152.13642,1388.5293,152.19919,2984.548,150.83371
2,32,right,0,-0.0229,1,12843.6465,150.82766,12781.7921,152.1444,5275.6133,152.24176,6357.4306,150.86639
2,33,right,0,-0.0247,1,6775.5668,150.84262,7638.2597,152.15303,7586.7448,152.28555,8990.6815,150.90191
2,34,right,0,-0.0243,1,11649.849,150.85613,11977.0257,152.16279,61.4854,152.32846,1278.0184,150.93654
2,35,left,0,0.0097,1,6774.0984,150.87233,8562.684,152.17161,7813.7933,152.37511,8667.6846,150.97332
2,36,right,1,-0.2587,1,8263.0717,150.90509,8939.6928,152.21481,2926.2188,152.38387,7540.6666,150.9893
2,37,left,1,0.2267,1,-1737.3141,150.91974,-1710.0881,152.22601,4217.5629,152.42802,4779.4749,151.02885
2,38,left,0,0.0097,1,5793.6851,150.95755,7297.7518,152.26718,14640.6046,152.43815,15626.7289,151.04219
2,39,right,1,0.2101,0,5725.6709,150.99438,6176.527,152.30954,1000.0167,152.44683,-1270.3771,151.0576
2,40,left,1,0.2289,1,2407.5,150.97276,2201.8901,152.28408,6843.3503,152.39049,8137.7951,150.99254
2,41,right,1,0.1941,0,13065.6699,151.01172,14452.0029,152.32398,5667.9604,152.40238,3698.2083,151.0084
2,42,left,1,-0.2073,0,2336.3677,150.99065,4362.5513,152.2994,11148.5759,152.34292,10967.2862,150.94377
2,43,right,0,-0.0209,1,7063.8193,150.92921,7393.0,152.24828,7267.2865,152.31696,7725.9625,150.92162
2,44,right,0,-0.0181,1,15491.5295,150.9441,15551.0083,152.2567,5121.2713,152.362,6712.9584,150.95682
2,45,left,1,-0.2143,0,-1039.6068,150.95801,1577.4937,152.26522,15502.0406,152.40641,14539.3589,150.99163
2,46,left,0,0.0117,1,-1169.2745,150.89887,-24.2088,152.21295,9947.8706,152.37813,10900.268,150.96821
2,47,left,1,0.2103,1,4605.6125,150.93194,4458.9514,152.25274,7732.75,152.38673,9894.1479,150.98411
2,48,left,1,-0.2069,0,82.2773,150.969,2259.6639,152.29244,10917.7903,152.39808,10235.9673,150.9999
2,49,left,0,0.0135,1,-3024.9889,150.91008,-1624.2231,152.24228,10167.1466,152.36967,11538.5265,150.97581
2,50,left,0,0.0111,1,210.0944,150.94293,1616.9653,152.28303,9449.8165,152.37752,11205.3818,150.99
2,51,left,1,-0.2159,0,6828.867,150.97516,10029.1919,152.32375,6904.3545,152.38632,8853.688,151.00752
2,52,right,0,-0.0159,1,11046.6567,150.9166,11253.6494,152.27278,2109.2193,152.35897,2993.9371,150.98451
2,53,right,0,-0.0243,1,5111.817,150.93176,5819.3371,152.28071,6621.0129,152.40061,7504.6374,151.01803
2,54,right,1,0.1993,0,4982.9639,150.94389,4636.9762,152.28756,543.3934,152.44372,-2081.7579,151.05215
2,55,left,0,0.0117,1,2631.4976,150.92308,3774.2361,152.26408,7415.0061,152.3858,8377.8205,150.98884
2,56,right,0,-0.0279,1,13285.2659,150.95532,13257.946,152.30494,4604.6822,152.39501,5331.4547,151.00479
2,57,right,1,0.2119,0,9504.0144,150.97027,9862.5951,152.31511,3089.2983,152.43932,1211.1533,151.04113
2,58,left,1,-0.1993,0,245.0255,150.94901,3604.7239,152.29031,10591.5949,152.38276,10565.937,150.97671
2,59,right,1,-0.2373,1,9186.1539,150.88957,10637.8943,152.23742,2220.0905,152.35359,7421.7186,150.95354
2,60,right,1,-0.2511,1,11843.4893,150.90351,9927.7947,152.24907,8447.838,152.39736,10363.641,150.99267
2,61,right,1,-0.2373,1,11918.7886,150.91744,10980.8176,152.26005,6798.7431,152.43958,7739.4015,151.03349
2,62,left,1,-0.2171,0,-1258.6227,150.93126,1097.6315,152.27008,1700.1195,152.47905,2210.7572,151.0716
2,63,right,0,-0.0177,1,3244.2559,150.8726,3766.018,152.22005,6450.0605,152.45087,7877.2405,151.04845
2,64,left,1,0.2287,1,5731.5489,150.88815,5340.4988,152.22847,5340.0463,152.49281,6021.5308,151.08205
2,65,left,0,0.0155,1,3008.5847,150.92638,4442.6538,152.26361,13673.6224,152.50629,14811.1063,151.09847
2,66,right,0,-0.0183,1,9050.4176,150.95919,9338.261,152.30376,3630.277,152.51516,4755.6865,151.11231
2,67,right,1,-0.2161,1,7192.5458,150.97369,6488.1622,152.31298,-1926.6055,152.55706,324.8884,151.1476
2,68,left,1,-0.2185,0,1491.3807,150.98778,4727.8148,152.32409,6861.5849,152.59548,7727.1473,151.18813
2,69,right,0,-0.0157,1,10644.2272,150.92746,10985.3167,152.27238,2201.3392,152.56585,2822.2497,151.16443
2,70,right,0,-0.0205,1,11239.4021,150.94248,11519.5944,152.28108,5006.7355,152.60721,5646.6272,151.20055
2,71,right,1,-0.2307,1,10358.2435,150.95712,9967.6518,152.28908,8310.0891,152.65123,8973.1028,151.23699
2,72,left,1,0.2227,1,5081.2697,150.96824,3711.2808,152.29954,8540.2012,152.68705,9490.1793,151.27268
2,73,right,0,-0.0195,1,9498.5548,151.00661,10071.9424,152.33841,2718.6943,152.69762,3595.5216,151.28642
2,74,right,1,0.2055,0,5515.8677,151.0162,5573.3398,152.34561,4755.5008,152.73676,3553.1605,151.31958
2,75,left,0,0.0131,1,531.5448,150.99466,1617.4464,152.31982,15486.0028,152.67445,16445.6548,151.25063
2,76,right,1,-0.2349,1,6065.9187,151.03112,4966.2105,152.35984,4007.1252,152.6834,4478.8963,151.26544
2,77,left,1,0.2385,1,3135.3212,151.04439,2373.665,152.37048,7111.7139,152.72177,8755.3279,151.30519
2,78,right,0,-0.0151,1,6349.1765,151.08291,6282.1021,152.40889,5096.9428,152.73193,4931.3807,151.31782
2,79,left,0,0.0105,1,3041.5914,151.09743,4646.1668,152.41718,9145.0558,152.77161,9937.5556,151.35345
2,80,right,0,-0.0165,1,9000.3417,151.13362,9223.0503,152.4565,1992.3239,152.77941,3162.0005,151.36776
2,81,left,1,0.2281,1,4940.7403,151.14697,2288.6126,152.46456,10108.2269,152.81891,10801.2731,151.40317
2,82,left,1,0.2137,1,2753.6022,151.1831,3174.4998,152.50266,9604.8164,152.82877,12044.569,151.41607
2,83,right,0,-0.0165,1,7702.7576,151.22149,8010.3911,152.53868,6671.9071,152.83922,8032.1823,151.42762
2,84,right,1,-0.2375,1,6897.4556,151.23464,8363.8384,152.54572,5271.176,152.87597,9379.4203,151.46112
2,85,right,1,-0.2137,1,5528.2352,151.24572,5601.3674,152.556,-126.9023,152.91343,1372.0714,151.49928
2,86,right,0,-0.0169,1,13853.3789,151.25594,14406.4527,152.56445,3922.5507,152.94995,6504.8793,151.5372
2,87,right,0,-0.0165,1,5797.0095,151.2678,6388.737,152.57168,3609.2193,152.98504,4936.5307,151.56997
2,88,left,1,0.2251,1,3273.174,151.27913,1549.5366,152.57832,11430.4167,153.01923,13427.7045,151.60136
2,89,right,0,-0.0175,1,10022.8162,151.31566,10026.6097,152.61476,3177.8781,153.02827,3710.6142,151.61279
2,90,right,1,0.2003,0,4473.9023,151.32728,3944.1938,152.62148,3194.2195,153.06464,2021.4004,151.64643
2,91,left,0,0.0101,1,3634.8458,151.30133,4648.5178,152.59468,15021.0051,152.99861,16078.1815,151.57607
2,92,right,0,-0.0145,1,11163.0305,151.33282,11466.9406,152.63028,-615.4843,153.00528,341.5537,151.58874
2,93,left,1,0.2261,1,5610.608,151.34518,3950.2746,152.63647,7777.0198,153.042,8826.3711,151.62086
2,94,left,0,0.0085,1,3274.485,151.3823,3660.709,152.67054,9497.623,153.05055,10335.1194,151.63178
2,95,right,0,-0.0189,1,13105.76,151.41543,13374.5118,152.7069,6912.6403,153.05722,7680.5319,151.6446
2,96,left,0,0.0091,1,1857.5073,151.42776,3458.0672,152.71426,12369.7592,153.09284,13550.6532,151.67444
2,97,left,1,-0.1997,0,-2774.6845,151.46107,-191.2115,152.75095,10529.1485,153.09893,9590.238,151.68495
2,98,right,0,-0.0139,1,10722.4957,151.39477,10988.1905,152.69153,5281.7451,153.06739,5815.0123,151.65733
2,99,right,1,0.1923,0,10000.4857,151.40755,11596.1787,152.69847,3245.5622,153.1038,1720.415,151.68816
3,0,left,0,0.0034,1,23314.8942,151.38289,20659.3584,152.66933,27716.7399,153.03762,26091.9746,151.61675
3,1,left,0,0.0092,1,5413.456,151.41925,4248.5602,152.70792,14681.3511,153.04594,14524.9083,151.6323
3,2,left,1,-0.2116,0,2071.0155,151.45384,6171.182,152.74539,13197.0614,153.05303,14398.9905,151.64496
3,3,left,0,0.0098,1,7498.8769,151.39056,7808.1415,152.68835,14548.572,153.02165,15519.6525,151.61667
3,4,left,0,0.0052,1,5496.3828,151.42328,4713.2377,152.72446,18105.6984,153.02922,17705.5974,151.62907
3,5,right,1,-0.2408,1,5228.725,151.45614,8205.4294,152.75945,-2270.8396,153.03767,5359.1778,151.64259
3,6,left,0,0.0042,1,3291.7381,151.46498,3902.3147,152.76822,15919.0592,153.06887,16566.4677,151.67986
3,7,left,0,0.006,1,3505.7377,151.49632,3268.914,152.80098,12217.0349,153.07601,12321.3276,151.69101
3,8,right,1,0.21,0,16907.004,151.52981,15151.2747,152.83201,1767.1585,153.08191,-7170.4488,151.70113
3,9,left,1,-0.2134,0,-5727.271,151.50428,-1267.4351,152.80413,6834.241,153.01286,8930.9131,151.63163
3,10,right,1,0.211,0,5889.932,151.44205,3394.6634,152.74757,1801.2642,152.98171,-3686.1849,151.60408
3,11,left,0,0.01,1,10117.2321,151.41735,8579.3946,152.72125,15177.6102,152.91753,14329.6465,151.53422
3,12,left,1,0.2402,1,4526.904,151.45248,-7.033,152.75716,13287.5526,152.92619,11725.179,151.54799
3,13,right,1,0.1972,0,8437.0197,151.48973,6199.7054,152.79229,1966.2449,152.93651,-3505.0236,151.55697
3,14,right,1,-0.2246,1,4134.6447,151.46489,7577.8612,152.76629,-2641.6579,152.87276,4361.0747,151.48963
3,15,left,1,0.2308,1,5801.8339,151.47277,-234.5169,152.77446,9680.6135,152.90771,7088.146,151.52677
3,16,left,0,0.0054,1,6722.5556,151.50897,5335.8904,152.80821,14055.9165,152.91859,12750.3578,151.5368
3,17,left,1,0.225,1,1764.8631,151.5413,-5308.3069,152.84094,10288.1719,152.927,7466.2318,151.55119
3,18,left,0,0.0126,1,6442.7829,151.57845,5101.1784,152.87338,11509.6097,152.93748,11117.7867,151.56114
3,19,left,1,0.2232,1,10154.2779,151.61033,5619.0889,152.90637,10906.4285,152.94504,9277.5141,151.57378
3,20,left,1,0.2276,1,5731.409,151.64696,-154.7285,152.93593,7126.418,152.95517,3302.4354,151.58348
3,21,right,0,-0.0196,1,10041.2073,151.68276,8313.1663,152.96826,13144.9653,152.96424,10517.9436,151.59001
3,22,left,1,-0.2162,0,151.1023,151.69479,4757.3037,152.97559,6271.6839,153.00305,9336.4022,151.62449
3,23,right,1,-0.2326,1,13084.0937,151.62982,13014.0215,152.91456,3135.8801,152.97249,8021.6108,151.59646
3,24,left,1,-0.2162,0,-5041.1173,151.63988,2106.2251,152.92411,8599.4337,153.00672,12019.4863,151.63402
3,25,left,1,0.248,1,333.2939,151.57547,-6266.494,152.86152,7684.601,152.97583,4486.0058,151.60514
3,26,right,0,-0.0142,1,11502.9182,151.61093,10583.9632,152.8948,10713.4902,152.98457,10134.4636,151.6123
3,27,right,0,-0.0148,1,12166.4644,151.62305,11072.214,152.90199,7516.6709,153.0227,6443.7684,151.64758
3,28,right,0,-0.0148,1,14259.534,151.63331,13334.643,152.90844,11337.7696,153.05898,10680.9915,151.67953
3,29,right,1,-0.2244,1,14918.2971,151.64454,14591.0788,152.91606,1274.385,153.0959,7713.0335,151.71557
3,30,right,1,-0.2244,1,13231.3293,151.65199,14748.3993,152.92547,-1530.1483,153.12734,5450.4005,151.75263
3,31,left,0,0.0048,1,-4446.7942,151.65857,-4482.9874,152.93376,12127.7094,153.16141,12380.8061,151.79053
3,32,left,0,0.0076,1,2837.2641,151.68914,2520.2931,152.96436,11488.927,153.16744,11190.3525,151.80128
3,33,right,0,-0.0174,1,14812.6041,151.72123,14053.6672,152.99894,6240.8914,153.17409,5593.4878,151.8128
3,34,left,0,0.0088,1,8472.784,151.73201,7993.5881,153.00531,13017.5175,153.20849,12960.7957,151.84786
3,35,left,1,0.2278,1,-3459.4833,151.76291,-10405.5285,153.0373,5772.8533,153.2159,2520.627,151.85952
3,36,right,0,-0.0158,1,16992.9895,151.79771,15672.7055,153.06796,8047.8808,153.22455,6472.0033,151.86722
3,37,right,1,0.2204,0,8479.2716,151.80761,5207.4156,153.07349,6305.0307,153.25964,-934.8209,151.89911
3,38,left,1,-0.2336,0,-6225.0485,151.77981,531.6933,153.04531,4415.7368,153.1893,7437.7653,151.82715
3,39,right,1,-0.221,1,9177.262,151.71162,10669.2757,152.98127,-2017.3117,153.15661,3507.8324,151.79718
3,40,right,0,-0.0132,1,15187.7694,151.71907,14121.6668,152.98949,11300.9793,153.18561,9839.3227,151.83365
3,41,left,0,0.0088,1,2584.9478,151.73251,602.4784,152.99756,13541.5861,153.22117,12329.635,151.86804
3,42,left,0,0.0038,1,11484.5983,151.7668,10690.0523,153.03143,8397.867,153.22926,7889.0186,151.87841
3,43,right,0,-0.0114,1,15186.8763,151.79918,14246.6426,153.06332,9275.9055,153.23682,8499.8037,151.88953
3,44,left,0,0.0092,1,5828.2298,151.80959,5330.6173,153.06971,15678.7973,153.27103,15761.4581,151.92448
3,45,left,1,-0.2048,0,417.861,151.84117,5278.4895,153.10357,8476.8091,153.27792,11140.9874,151.93681
3,46,left,1,0.2242,1,2819.6978,151.77382,-2445.4449,153.04375,13114.1092,153.24678,10703.8422,151.90665
3,47,left,1,0.226,1,-3181.7741,151.80797,-9333.3133,153.07433,13287.7391,153.25453,13291.6555,151.91209
3,48,right,1,0.2144,0,11477.1691,151.84242,9607.0837,153.10435,-2161.9061,153.26151,-9142.4484,151.91796
3,49,left,1,0.2416,1,4799.0009,151.81764,-4.2262,153.07679,13802.7337,153.19227,12280.7161,151.84497
3,50,left,0,0.004,1,8713.8668,151.85063,8409.112,153.1074,16478.3494,153.20037,16533.3066,151.85168
3,51,left,0,0.0062,1,9375.8317,151.88025,8482.3426,153.13971,15917.1091,153.20662,15710.5998,151.86308
3,52,left,0,0.0064,1,5519.475,151.90953,4429.9276,153.1694,14983.3896,153.21361,14520.0798,151.8737
3,53,right,0,-0.0124,1,17739.883,151.93875,17241.3309,153.2,4693.7254,153.21969,4332.1284,151.88394
3,54,left,1,-0.2128,0,1421.7943,151.94752,8853.5713,153.20522,3054.9727,153.25469,7253.2998,151.91706
3,55,left,1,-0.2248,0,-2593.4587,151.88094,4512.3506,153.14017,5180.6356,153.22428,8834.6969,151.88677
3,56,right,0,-0.0172,1,18554.7062,151.81325,17726.3844,153.07666,10204.2675,153.19475,9232.6666,151.85831
3,57,left,1,-0.2086,0,-4088.112,151.82551,-38.8484,153.08373,9691.0675,153.22902,9011.2914,151.89081
3,58,right,1,0.2118,0,5765.3168,151.75988,3433.0471,153.01975,3864.3567,153.1978,-1171.2636,151.86138
3,59,left,1,-0.2156,0,1340.8193,151.73369,6408.23,152.9918,11983.9885,153.12935,14518.4084,151.78962
3,60,left,1,-0.189,0,474.5118,151.66699,3132.7082,152.93292,14110.9638,153.09866,14681.0268,151.76159
3,61,right,0,-0.0118,1,17562.0554,151.60208,16709.7751,152.87211,4555.0341,153.06838,4117.8178,151.73191
3,62,right,1,0.2134,0,6585.0839,151.61383,5809.2328,152.88076,9222.3962,153.1069,6357.4071,151.767
3,63,right,1,0.2178,0,6379.4304,151.58829,4151.3955,152.85261,7382.6664,153.03967,2737.1378,151.6965
3,64,left,0,0.0104,1,5197.7731,151.56203,3254.2784,152.82439,16663.8255,152.97213,15592.454,151.62569
3,65,left,1,0.2246,1,3218.7687,151.59537,-731.0437,152.8586,7480.3564,152.98123,5387.3226,151.63884
3,66,left,0,0.001,1,11024.5136,151.63087,9813.9911,152.89081,13166.999,152.99134,12699.7296,151.6474
3,67,right,1,0.1978,0,12002.7864,151.66541,9669.0676,152.92777,4854.1528,153.0011,232.6634,151.6608
3,68,right,1,0.225,0,8363.5208,151.64009,5214.0521,152.90112,10113.1036,152.93607,4363.8128,151.59044
3,69,left,1,0.227,1,4974.4737,151.6177,324.0432,152.87791,15734.4514,152.87319,14173.4407,151.52175
3,70,right,1,0.2224,0,9608.3321,151.65181,9044.6256,152.90979,10393.7726,152.88259,7164.7853,151.52979
3,71,left,0,0.0066,1,5961.1722,151.62725,5710.6001,152.88356,14878.9286,152.81783,15342.8122,151.46265
3,72,left,1,0.2278,1,5879.9442,151.6596,1670.2185,152.92137,6036.6638,152.82542,2916.0234,151.4742
3,73,left,0,0.0064,1,13786.2329,151.69518,11519.1151,152.95261,10967.4657,152.83797,9667.1546,151.48596
3,74,right,0,-0.0204,1,15755.9931,151.72588,14523.6672,152.98551,5387.963,152.84586,3932.8068,151.49849
3,75,left,1,0.2384,1,9739.5789,151.73738,2311.8247,152.99358,13843.8583,152.88399,11531.3655,151.53479
3,76,right,1,0.2184,0,5973.1615,151.77364,1760.9809,153.02473,8437.6016,152.89471,1757.4171,151.54344
3,77,left,1,-0.2226,0,-4706.0427,151.74709,561.4192,152.9975,9957.1643,152.8304,12830.523,151.47543
3,78,right,0,-0.018,1,7230.667,151.68093,6236.863,152.93762,6517.8554,152.80133,5646.526,151.44849
3,79,left,1,0.2376,1,11206.5038,151.69208,5253.7038,152.9455,11729.0986,152.83998,8615.1612,151.48362
3,80,right,1,0.2142,0,7111.7219,151.72675,5573.4392,152.97739,2731.9629,152.85149,-2309.3699,151.49573
3,81,right,1,-0.2374,1,6345.3896,151.70168,8425.7938,152.95146,-393.2115,152.78906,5197.8667,151.4305
3,82,left,1,0.2384,1,9013.7099,151.70917,3294.334,152.95971,5781.1063,152.82706,2989.8623,151.47025
3,83,left,1,-0.205,0,-1703.2116,151.74423,4205.1529,152.99059,7749.1952,152.83874,9858.3554,151.48039
3,84,left,1,-0.1996,0,-3845.7716,151.67779,937.929,152.92663,15795.8743,152.80915,15758.6908,151.4522
3,85,left,0,0.0066,1,10884.8421,151.61116,10913.6293,152.86739,9554.2092,152.78012,10093.0277,151.42624
3,86,right,0,-0.021,1,12932.9908,151.64393,12405.166,152.90431,5687.1359,152.79043,5810.8976,151.44092
3,87,left,0,0.0052,1,4761.9233,151.65659,4859.4486,152.91456,15317.6615,152.82853,15701.6343,151.47807
3,88,right,0,-0.0188,1,11638.106,151.68922,11555.0573,152.94815,4519.7142,152.83824,5294.7394,151.49262
3,89,right,1,-0.2468,1,9586.632,151.70121,11594.7073,152.95544,4390.0573,152.88047,11291.2591,151.52908
3,90,right,1,0.1984,0,12693.1197,151.70821,12326.5393,152.96567,5338.9896,152.91712,223.6376,151.56947
3,91,left,0,0.0038,1,7427.9609,151.68284,6307.1886,152.93878,16142.1192,152.85342,16060.53,151.5031
3,92,right,0,-0.0202,1,11911.9021,151.71462,11130.3504,152.97303,4094.9866,152.86257,3530.4495,151.51637
3,93,right,1,-0.246,1,10073.5248,151.72633,12717.6623,152.98152,-5608.7397,152.90024,3340.5532,151.5518
3,94,left,1,0.2292,1,3961.8236,151.73411,-2045.6099,152.9898,9361.4515,152.93413,6941.0777,151.59011
3,95,right,1,-0.2336,1,10971.3254,151.7683,12400.7649,153.02172,1523.3479,152.94378,7908.341,151.59907
3,96,right,1,-0.234,1,-3868.2207,151.77632,-1312.7672,153.03189,2148.9425,152.97895,7210.5714,151.63987
3,97,left,1,0.2362,1,2726.7432,151.78721,-3025.2279,153.04214,12312.7899,153.01569,9681.3071,151.67854
3,98,left,0,0.0066,1,4917.4467,151.82279,4071.2456,153.07495,15979.131,153.0276,15698.9965,151.69122
3,99,right,1,-0.2414,1,12259.0378,151.8546,13087.0895,153.10726,3777.0222,153.03436,9283.7255,151.70135
4,0,right,1,0.1912,0,23713.0592,151.86215,23171.3615,153.11606,20602.0569,153.06986,16118.8984,151.74054
4,1,left,0,0.0082,1,13339.0802,151.83273,13486.437,153.07906,19044.3671,152.99818,19351.263,151.66781
4,2,right,0,-0.017,1,11215.933,151.86452,10429.1976,153.10852,16247.1925,153.00837,15815.9371,151.68308
4,3,right,1,-0.2472,1,8432.7734,151.87366,11641.0211,153.11529,7135.0177,153.0436,12418.1615,151.71625
4,4,left,0,0.0026,1,12504.6189,151.87956,11909.1456,153.12336,14665.3204,153.07655,14821.5301,151.74999
4,5,right,0,-0.0174,1,17227.5279,151.90798,16185.6025,153.152,13105.0098,153.0841,11839.8269,151.76142
4,6,left,1,-0.207,0,6690.6956,151.91728,12727.9976,153.15809,16673.0312,153.11692,19220.4485,151.79341
4,7,left,0,0.0056,1,7826.7074,151.84718,7505.4755,153.09642,15448.2349,153.08522,15516.8859,151.76502
4,8,right,1,-0.247,1,5449.4012,151.87919,7783.4638,153.12908,4896.4561,153.09358,10421.9427,151.77675
4,9,right,0,-0.0138,1,15271.9135,151.88833,15019.5609,153.13779,11835.1,153.1258,12198.6671,151.81363
4,10,left,1,0.2366,1,7275.5967,151.89883,2971.8014,153.14533,10992.7351,153.16162,8725.0802,151.84704
4,11,left,0,0.0094,1,9926.7411,151.93176,8825.6896,153.1733,10659.9769,153.17134,9845.9414,151.85718
4,12,right,1,0.2088,0,12556.752,151.95971,10394.466,153.20087,14739.1657,153.17919,9333.5716,151.86804
4,13,left,1,-0.231,0,5537.9574,151.93182,11137.7119,153.1706,3190.8058,153.1067,6784.5117,151.79458
4,14,right,1,0.2164,0,15471.7927,151.86212,12244.7549,153.10791,10402.255,153.07339,2474.9578,151.7654
4,15,right,1,0.2144,0,14149.8794,151.83594,13126.4803,153.07976,11458.2956,153.00365,8002.6044,151.69348
4,16,left,1,-0.2188,0,8002.9106,151.80982,12498.4717,153.05087,13012.9565,152.93548,15433.697,151.62278
4,17,left,0,0.0096,1,12051.7673,151.74155,11702.6553,152.99121,16845.0387,152.90407,16433.2874,151.59621
4,18,right,1,-0.2468,1,8187.2324,151.77362,9449.8653,153.02292,4293.7426,152.91328,10049.6675,151.60973
4,19,right,1,-0.2462,1,11430.8338,151.78226,12292.5293,153.03152,8741.8785,152.94616,13740.8463,151.64656
4,20,right,0,-0.0142,1,8517.7947,151.79084,7713.4662,153.04093,15486.1495,152.98048,15371.7151,151.68374
4,21,left,0,0.0052,1,11244.1548,151.80107,11778.6517,153.04873,17509.2636,153.01507,18131.552,151.71512
4,22,left,1,-0.2224,0,3944.3686,151.83181,9148.1095,153.08156,13849.7111,153.02366,15494.9951,151.72556
4,23,left,0,0.0066,1,8292.1611,151.76493,7691.0887,153.02044,17827.5592,152.99335,17937.9002,151.69757
4,24,right,1,-0.2446,1,10930.194,151.79712,13848.8924,153.05063,5721.3765,153.00184,12045.1213,151.70989
4,25,left,1,-0.2206,0,4167.6985,151.80693,9731.2827,153.0608,10531.4856,153.03526,13501.814,151.74848
4,26,right,0,-0.012,1,14737.4303,151.73855,14202.5421,152.99948,8165.8472,153.00315,7899.7149,151.72002
4,27,left,1,0.2296,1,9510.496,151.74827,4530.5121,153.00682,14913.8139,153.03788,13225.6229,151.7537
4,28,left,0,0.007,1,11843.3903,151.78136,11732.3298,153.03739,12698.7012,153.04769,12578.767,151.76204
4,29,left,0,0.0096,1,10190.9818,151.81311,10233.5779,153.07042,16851.5133,153.05663,16914.1173,151.77272
4,30,right,1,0.199,0,11826.8028,151.84503,10701.5738,153.10258,12807.9917,153.06476,10087.4495,151.78336
4,31,left,0,0.0066,1,12010.485,151.81855,11425.0394,153.07396,18805.2932,152.99769,18732.1857,151.7118
4,32,left,1,-0.235,0,6312.2888,151.84877,10876.1223,153.10441,12029.0023,153.00688,14183.0799,151.72493
4,33,right,1,0.2036,0,10849.9336,151.78155,9232.9605,153.04152,10983.1287,152.97416,5493.461,151.6958
4,34,right,1,-0.2316,1,14494.1762,151.75686,14765.4142,153.01436,9905.0746,152.90921,13407.3661,151.62323
4,35,left,1,-0.2196,0,7093.6629,151.76528,12189.2172,153.02265,13709.9664,152.94384,15968.029,151.65777
4,36,right,0,-0.0166,1,17223.884,151.69822,16730.9367,152.96135,10525.1994,152.91309,10355.4322,151.62969
4,37,left,1,-0.2218,0,7083.5817,151.70876,11479.1722,152.9681,8576.6001,152.94866,11082.9479,151.66202
4,38,left,1,-0.2312,0,5031.6385,151.64173,9344.3514,152.90945,6177.1132,152.91758,9066.3335,151.63427
4,39,right,1,-0.2464,1,16203.0641,151.5764,16411.1284,152.84725,4569.0323,152.88763,11366.1439,151.60552
4,40,left,1,-0.2216,0,5179.6387,151.5877,10218.3423,152.85743,16343.2877,152.92138,17972.2887,151.64331
4,41,left,1,0.237,1,7710.9638,151.52354,2334.1329,152.80144,13277.0125,152.89082,11738.3376,151.61577
4,42,right,1,0.2056,0,14660.7054,151.55903,14234.3124,152.83588,12986.6816,152.90288,8222.9437,151.62938
4,43,left,0,0.0058,1,10117.1572,151.53408,9868.5931,152.80736,16013.3332,152.84012,16396.6066,151.55959
4,44,right,1,-0.2542,1,12033.4054,151.5651,13541.0732,152.8418,8498.5002,152.84973,14060.5089,151.57406
4,45,left,0,0.0106,1,10538.2437,151.57431,10163.681,152.85201,16618.6727,152.88634,17004.0158,151.61025
4,46,left,0,0.0074,1,11652.8674,151.60606,10964.4645,152.88582,17075.7795,152.89588,16925.2333,151.62412
4,47,right,1,-0.2504,1,5300.7806,151.6377,7714.1428,152.91838,9458.638,152.9056,13534.0479,151.6357
4,48,right,0,-0.015,1,12905.5215,151.64685,12603.024,152.92833,9972.7945,152.93954,10001.7106,151.66982
4,49,left,1,0.2304,1,11427.5507,151.65934,8829.8748,152.93597,15292.7499,152.97607,14626.749,151.70154
4,50,left,0,0.0074,1,9685.3497,151.69381,9215.0079,152.96909,17008.5601,152.98633,17291.6833,151.71077
4,51,left,1,0.2312,1,13531.2024,151.72502,9394.2789,153.0011,12431.9236,152.99548,10168.8425,151.7226
4,52,right,1,-0.244,1,12548.3272,151.76064,13542.8115,153.03166,6304.4064,153.0061,12205.4764,151.73489
4,53,left,0,0.0086,1,8327.103,151.771,7965.2221,153.04059,14572.4126,153.03792,14634.6768,151.77014
4,54,right,1,-0.2428,1,10252.8431,151.80377,13058.9591,153.07331,7452.4007,153.0484,13421.3611,151.78202
4,55,right,1,-0.2446,1,1914.7349,151.8118,4375.8717,153.0814,6605.5093,153.08006,10265.834,151.81372
4,56,right,1,-0.2326,1,9412.6715,151.82141,10819.6612,153.09083,6178.2342,153.11471,11206.1014,151.84898
4,57,left,0,0.013,1,11091.8656,151.82791,10722.4937,153.09817,16760.1021,153.14534,17031.3676,151.88223
4,58,right,0,-0.0132,1,12681.3589,151.8589,11830.7669,153.12769,14457.817,153.1526,13685.2811,151.89224
4,59,right,1,-0.2438,1,12116.1327,151.86931,12963.9497,153.13455,3113.224,153.18377,9889.4061,151.92167
4,60,left,1,0.2148,1,11104.8798,151.87621,6135.3444,153.14223,13220.3053,153.21601,12178.0245,151.95789
4,61,right,1,0.1954,0,13979.7985,151.91021,11733.432,153.17247,13672.8198,153.22631,7697.8386,151.96725
4,62,left,1,-0.2148,0,1404.6981,151.88176,7175.4684,153.14253,14779.1607,153.15812,16241.5561,151.89401
4,63,right,1,-0.2442,1,8956.6686,151.81458,11243.5738,153.08029,4301.2455,153.12644,11732.7429,151.86526
4,64,left,1,-0.2234,0,5803.7018,151.82336,11144.7119,153.08865,15669.7429,153.1578,17319.431,151.89877
4,65,right,1,0.221,0,13886.8261,151.75485,11781.4765,153.02931,8886.5097,153.12586,2315.7269,151.86958
4,66,right,1,0.2168,0,13677.2848,151.72802,11967.8428,153.00056,11197.3107,153.05811,5723.8382,151.79608
4,67,right,1,0.2118,0,17270.5398,151.70185,17377.916,152.97154,10244.9606,152.99054,5554.1712,151.7235
4,68,left,0,0.0046,1,13731.9067,151.67684,12399.8108,152.94307,16758.8712,152.92502,16323.2092,151.65235
4,69,right,1,0.2202,0,14122.4284,151.70694,11388.6504,152.97387,15674.6001,152.93414,10480.9187,151.66612
4,70,right,0,-0.0146,1,3686.6116,151.68146,2657.713,152.9472,14822.1083,152.87167,13638.1571,151.59602
4,71,left,1,-0.2266,0,11126.4227,151.69347,14974.9805,152.95551,15743.7931,152.90819,17169.8139,151.63122
4,72,right,1,-0.2468,1,14587.326,151.62548,15277.3246,152.89744,3534.0964,152.87913,10092.8892,151.60449
4,73,right,0,-0.0172,1,16134.3461,151.63535,15388.8129,152.9063,15600.0937,152.91291,15209.5809,151.64061
4,74,left,1,-0.213,0,8557.9242,151.64687,11775.5343,152.91481,13379.5332,152.94999,15065.0212,151.67759
4,75,right,0,-0.0186,1,13892.4768,151.58015,13154.3606,152.8574,15511.188,152.91873,14995.5185,151.64994
4,76,left,1,0.2376,1,9688.9563,151.59216,6362.8065,152.8659,10135.5697,152.95483,8272.0119,151.68616
4,77,left,0,0.0082,1,12741.8634,151.62563,12233.958,152.90115,16958.242,152.96633,16636.2388,151.69722
4,78,left,1,-0.2266,0,7211.8093,151.65847,12148.6988,152.93485,12497.9687,152.97681,14311.449,151.7108
4,79,left,0,0.0048,1,14978.5224,151.59232,14895.2511,152.87279,17231.3242,152.94642,17621.7373,151.68161
4,80,left,1,-0.2242,0,7481.1365,151.6212,11380.7444,152.90251,12707.6397,152.95439,14679.19,151.69153
4,81,left,1,0.2402,1,9598.8899,151.55623,5172.9047,152.84252,15339.3247,152.924,14425.9499,151.66437
4,82,left,1,0.2388,1,11026.2257,151.59267,4255.8077,152.87452,14542.6005,152.93682,12879.1084,151.67787
4,83,left,1,-0.2382,0,3962.7753,151.62727,10765.9604,152.90781,7273.9415,152.94821,10889.6176,151.68893
4,84,left,1,-0.2404,0,1264.6466,151.56217,7378.6437,152.84712,13660.9155,152.91669,15312.84,151.65994
4,85,left,1,-0.229,0,4259.6027,151.49721,10143.8566,152.78982,14426.4189,152.88598,16129.6705,151.63305
4,86,left,1,0.2356,1,10421.0839,151.43341,7130.566,152.7333,13530.9837,152.85738,12614.3237,151.60672
4,87,right,1,0.217,0,11397.9446,151.46855,9403.6621,152.767,12080.7398,152.86979,8281.1919,151.61987
4,88,left,1,-0.2132,0,6673.0404,151.4445,10787.7287,152.73954,11627.8382,152.80924,14436.2023,151.54965
4,89,left,1,-0.229,0,9935.0357,151.38086,13708.0975,152.68497,12214.3729,152.78069,14324.6029,151.52501
4,90,right,0,-0.0162,1,9910.0844,151.31695,9142.2171,152.63106,9134.0812,152.75009,9082.6186,151.49832
4,91,left,0,0.0036,1,14077.5518,151.33041,14019.4632,152.6413,15847.5741,152.78829,16056.3937,151.53441
4,92,left,0,0.007,1,9955.9152,151.36124,9940.3457,152.67825,16117.4911,152.79832,16852.3976,151.54939
4,93,left,1,-0.212,0,8231.6028,151.39563,12069.8029,152.7151,15430.8045,152.8082,17249.8138,151.56137
4,94,right,0,-0.0082,1,9957.7763,151.33325,9370.2163,152.65904,10768.8214,152.77979,10535.3843,151.53579
4,95,left,1,0.2486,1,12684.3041,151.34413,8869.194,152.6675,13995.9189,152.81531,13083.2797,151.56792
4,96,right,0,-0.0152,1,16560.8395,151.38162,15348.4795,152.70199,13727.9626,152.82793,12804.5052,151.58106
4,97,right,0,-0.0178,1,9622.7646,151.3939,9235.7642,152.71024,12798.1995,152.86528,13071.4579,151.61454
4,98,right,1,-0.2444,1,5431.0021,151.40687,6403.8786,152.719,10668.0049,152.90351,12071.8795,151.64847
4,99,right,0,-0.0126,1,9642.704,151.41745,9045.1008,152.72901,12011.1673,152.93845,12104.8915,151.68307
5,0,left,0,0.0046,1,8059.4719,151.43106,9066.4142,152.73861,27064.2753,152.97509,28177.2073,151.71417
5,1,left,0,0.0056,1,-202.3483,151.46784,1017.3989,152.77664,4207.0501,152.98463,5508.6161,151.73256
5,2,right,1,0.2034,0,10159.8103,151.49953,10220.9054,152.8129,8612.7174,152.99203,6360.1151,151.74525
5,3,right,1,0.2216,0,8243.8881,151.47464,8987.8118,152.78484,1564.4354,152.92553,-463.4415,151.67423
5,4,left,1,0.222,1,4772.0957,151.45173,4282.5108,152.75828,7971.9353,152.86107,9499.7113,151.60295
5,5,right,0,-0.0166,1,11788.5205,151.48858,12261.7795,152.79588,1886.0072,152.87266,2580.2386,151.61568
5,6,right,0,-0.0158,1,9749.9806,151.49786,9888.0401,152.80316,5070.6533,152.91366,5803.4156,151.65348
5,7,left,1,0.2446,1,9279.0253,151.51125,7620.2897,152.8107,10438.8215,152.9543,10766.2434,151.68929
5,8,left,1,0.2116,1,2340.0199,151.54892,1487.6502,152.84621,9939.9109,152.96433,11340.5282,151.7006
5,9,right,1,0.2,0,10261.4507,151.58607,8871.0267,152.88338,5472.0106,152.97474,2971.7129,151.71145
5,10,left,1,-0.2172,0,2039.7497,151.56225,4994.2188,152.85337,10413.6895,152.91026,10911.1627,151.63827
5,11,right,1,0.209,0,8556.5927,151.49645,8880.4932,152.7969,5193.7563,152.88061,3352.4428,151.61232
5,12,left,0,0.008,1,3356.5332,151.47398,4788.2083,152.7702,5701.8595,152.81974,6221.355,151.54154
5,13,left,1,0.2288,1,2759.7241,151.50707,1492.3041,152.80865,9905.3802,152.82835,11372.6869,151.55572
5,14,left,1,0.2334,1,5445.1138,151.54357,4366.9587,152.84628,9469.5407,152.8395,11384.4291,151.56848
5,15,right,0,-0.0194,1,4982.8384,151.58034,5636.8271,152.87976,2338.3541,152.85057,3562.1798,151.58088
5,16,right,1,0.2256,0,4867.7278,151.59329,4439.2607,152.88791,7609.9519,152.89245,5778.1374,151.61693
5,17,left,1,0.207,1,-1245.5015,151.57036,-3526.3841,152.86202,11102.3252,152.82943,12934.2807,151.54952
5,18,right,1,0.2064,0,11775.6735,151.60955,11634.3836,152.89649,3683.4788,152.84249,842.7368,151.56319
5,19,left,0,0.0104,1,4473.165,151.58574,5653.6037,152.86895,13159.0567,152.77976,14206.2409,151.4926
5,20,right,1,0.2162,0,8125.8598,151.6168,8738.593,152.90896,6773.3403,152.78852,5642.7337,151.50822
5,21,right,1,0.2054,0,4733.139,151.59387,4855.3119,152.88119,3375.2027,152.72525,2598.5132,151.43849
5,22,right,1,0.2078,0,7285.4043,151.57101,7467.9142,152.85635,9137.3804,152.66349,7910.9862,151.37286
5,23,right,0,-0.0204,1,10898.005,151.5487,11094.0144,152.83028,4999.8792,152.60509,5757.4326,151.30746
5,24,right,0,-0.0202,1,5636.919,151.56177,5878.5451,152.83701,6265.7152,152.65045,7205.9354,151.3416
5,25,left,0,0.0038,1,985.9695,151.57335,3446.3731,152.84444,12047.9294,152.69369,14060.3402,151.37634
5,26,right,0,-0.0178,1,4907.9717,151.60537,5617.3733,152.88237,6131.1265,152.70233,7088.5748,151.3916
5,27,right,0,-0.023,1,8291.4801,151.61804,8750.0084,152.88929,6373.2245,152.74391,7675.4468,151.4255
5,28,right,1,0.197,0,11056.0189,151.62886,11834.3622,152.89677,3796.866,152.78785,3120.4817,151.46265
5,29,left,1,-0.19,0,5797.4536,151.60463,5305.4644,152.86761,14014.978,152.72704,13249.1899,151.39605
5,30,right,1,0.2146,0,7099.9611,151.54045,7364.2341,152.81265,4123.8676,152.69938,3388.12,151.37216
5,31,right,0,-0.0242,1,8851.695,151.51779,8748.7827,152.78613,5298.4206,152.64179,5633.1396,151.30616
5,32,left,1,0.2446,1,4325.9169,151.53015,3653.2274,152.79275,9296.6349,152.68518,10639.3858,151.33884
5,33,left,1,-0.2088,0,-1394.2789,151.56724,3048.8329,152.82823,10355.3364,152.69663,12229.2708,151.35247
5,34,left,0,0.0082,1,5553.7816,151.50158,6772.6365,152.77624,12356.0322,152.66772,13172.6965,151.32856
5,35,left,1,0.24,1,7585.2312,151.53398,7160.0472,152.8142,10298.6039,152.67692,11461.1846,151.34305
5,36,right,0,-0.0198,1,9352.6954,151.56798,10126.8315,152.84861,-1197.752,152.68847,738.3969,151.35572
5,37,right,1,0.2084,0,17775.8579,151.58233,18609.5968,152.85758,4651.4971,152.7318,456.7739,151.39301
5,38,left,0,0.0034,1,3610.4524,151.55902,5390.0231,152.82887,9141.3304,152.67165,10337.2818,151.32475
5,39,right,1,-0.2394,1,3215.5924,151.58678,4465.0948,152.86264,2001.2269,152.68111,7068.2324,151.33854
5,40,right,0,-0.0186,1,9840.4068,151.59619,10190.1365,152.87188,3697.9218,152.72315,4832.8421,151.37816
5,41,left,1,-0.2094,0,9030.8897,151.60953,10716.7102,152.88135,6320.8698,152.76529,6695.8958,151.41906
5,42,left,0,0.0068,1,627.3748,151.54278,2021.3769,152.82575,11748.4675,152.73749,12851.8506,151.3938
5,43,right,0,-0.0218,1,9709.4181,151.57658,9982.8796,152.86203,78.393,152.74783,1902.7459,151.40778
5,44,left,1,0.2304,1,-4209.807,151.59191,-3930.3263,152.8703,11433.6659,152.79046,14041.9941,151.44575
5,45,left,0,0.0038,1,296.9968,151.62699,2350.6529,152.90611,10578.1743,152.80192,12032.4496,151.45889
5,46,right,1,0.1958,0,10320.8326,151.65885,10788.9681,152.94135,1322.0521,152.81102,-690.1301,151.47307
5,47,left,1,0.2144,1,2191.7063,151.63596,-374.2406,152.91274,7740.0891,152.75072,8373.3373,151.40426
5,48,left,1,0.2272,1,2292.2772,151.67283,547.6375,152.94689,14202.4124,152.76168,15645.0323,151.41739
5,49,right,0,-0.0192,1,8677.9732,151.70748,9569.1573,152.97807,5898.9116,152.7724,7338.4192,151.43102
5,50,left,1,-0.184,0,4375.7959,151.71887,6229.6136,152.98526,15262.0472,152.81259,14823.8341,151.46614
5,51,left,1,-0.2022,0,4922.7301,151.65256,8519.1662,152.9291,11256.635,152.78354,11706.7216,151.44134
5,52,left,1,0.2344,1,4000.5548,151.58716,2023.174,152.8732,13348.9939,152.75525,15220.1981,151.41629
5,53,left,1,0.2294,1,3126.1576,151.62122,3207.0641,152.90616,5266.3006,152.76648,5629.4395,151.42768
5,54,left,0,0.0054,1,793.4991,151.65849,2412.4572,152.94053,9687.9766,152.77847,11521.6892,151.43978
5,55,right,1,-0.2224,1,7683.0147,151.69261,7399.0406,152.97953,3547.1331,152.78797,4121.0965,151.45368
5,56,right,1,-0.233,1,7648.0864,151.70274,8891.6379,152.98884,8508.0537,152.82717,11833.4183,151.49219
5,57,left,1,-0.2158,0,3524.9454,151.7121,5846.0481,152.99671,11279.7366,152.86603,9990.2496,151.52827
5,58,right,0,-0.0174,1,3868.9127,151.6445,4567.4438,152.94178,4999.9687,152.83646,5883.8193,151.50383
5,59,left,1,0.2218,1,1917.2563,151.65625,127.8891,152.94811,8363.4758,152.8779,9151.1745,151.53819
5,60,left,1,0.2088,1,7778.9123,151.69278,6203.3179,152.9822,14380.0327,152.89019,16282.9581,151.55047
5,61,right,0,-0.02,1,7131.4077,151.72786,8030.6716,153.01611,8874.5213,152.90092,10796.2654,151.56156
5,62,left,1,-0.203,0,607.8252,151.73864,3658.9163,153.02273,9663.9712,152.94256,8708.0999,151.59607
5,63,right,0,-0.017,1,12582.4597,151.67169,12947.2361,152.96205,-1956.1097,152.91207,-707.6635,151.56869
5,64,right,0,-0.0224,1,16556.5365,151.68524,16462.1435,152.97102,5946.3987,152.95094,6863.9515,151.60445
5,65,right,0,-0.0178,1,3463.3055,151.69912,4118.7581,152.97967,6672.0929,152.99078,8386.186,151.63911
5,66,right,1,0.209,0,6660.8472,151.71024,5962.386,152.98643,7353.3726,153.03073,6552.0605,151.67269
5,67,right,1,-0.2088,1,9654.8209,151.68633,7102.1683,152.95887,2275.5824,152.96706,2746.6708,151.60361
5,68,left,1,-0.188,0,-1462.6341,151.69627,422.6375,152.96753,9165.7131,153.00191,8447.805,151.63926
5,69,right,0,-0.016,1,8311.7014,151.63174,8339.1193,152.9088,3678.0158,152.97347,3908.2131,151.61329
5,70,left,0,0.005,1,-2657.9109,151.64145,-1479.7888,152.91728,14974.3385,153.01313,16167.0706,151.64806
5,71,left,1,-0.2186,0,5821.5412,151.67217,8947.2276,152.94805,7448.5665,153.02001,8674.7007,151.66058
5,72,left,0,0.008,1,2150.7826,151.60357,4225.0749,152.89098,6986.831,152.98873,8628.1785,151.63393
5,73,right,1,0.1972,0,6921.018,151.6357,7817.8717,152.9293,5097.5672,152.9958,3022.6401,151.64465
5,74,right,0,-0.0168,1,2274.8791,151.6128,2972.3582,152.90213,447.3724,152.93275,2033.1404,151.57709
5,75,left,1,0.2322,1,2577.2356,151.62492,480.0817,152.90955,12052.8156,152.96868,12297.4903,151.61062
5,76,left,0,0.0078,1,4066.807,151.66068,4992.9701,152.94368,13527.3636,152.98048,14554.0211,151.62218
5,77,right,1,0.2054,0,12094.3215,151.69192,11751.595,152.97968,2546.0197,152.98823,-884.3832,151.63719
5,78,right,0,-0.0172,1,5540.4377,151.66762,5717.2677,152.95269,2566.3425,152.9238,2723.7064,151.56625
5,79,left,1,0.237,1,1529.5531,151.6818,379.3147,152.96054,8572.043,152.96246,10322.1106,151.59721
5,80,right,0,-0.0172,1,10442.868,151.71542,10815.982,152.99299,5473.8147,152.97299,6163.5251,151.60764
5,81,right,0,-0.0172,1,10035.6718,151.72539,10219.8624,152.99951,1746.3042,153.01098,2910.618,151.63952
5,82,right,0,-0.0162,1,4613.7563,151.73762,5175.1997,153.00642,5541.4136,153.04965,6354.1165,151.6727
5,83,left,1,0.2118,1,2330.4771,151.74815,1773.6753,153.0134,7706.8955,153.08966,9474.4406,151.71148
5,84,left,1,-0.1922,0,2051.8403,151.78355,3066.4544,153.04793,11058.9238,153.0992,10828.9738,151.72431
5,85,right,1,0.1998,0,9374.7752,151.71671,9444.9408,152.99058,6016.132,153.06728,4955.7933,151.69783
5,86,right,1,0.1908,0,14842.5664,151.692,14656.6807,152.96269,6438.4997,153.00128,4223.6649,151.62538
5,87,right,0,-0.0142,1,8305.832,151.66689,8367.9018,152.93571,2032.6576,152.93719,2245.3746,151.55681
5,88,right,1,-0.233,1,13372.5773,151.67933,12297.7772,152.94259,4162.6636,152.97752,6988.9713,151.59042
5,89,right,0,-0.0142,1,7039.0031,151.69078,7776.5304,152.952,5432.7136,153.01547,7227.7922,151.62843
5,90,right,0,-0.0192,1,9589.3211,151.70254,10392.1775,152.95894,4461.0044,153.05349,6052.5021,151.66123
5,91,left,1,0.2324,1,5830.1867,151.71272,4339.9336,152.96516,9025.4385,153.09307,10422.3277,151.6961
5,92,right,0,-0.0198,1,8266.0167,151.74933,8034.2595,152.99958,835.8567,153.10333,1224.9028,151.70781
5,93,left,1,0.23,1,3399.9364,151.76164,3005.2324,153.00614,11682.4998,153.14273,13490.6954,151.74008
5,94,left,0,0.0014,1,277.7886,151.79632,1459.7974,153.04024,11291.976,153.15205,12475.2898,151.7487
5,95,left,1,0.22,1,1602.5972,151.82815,1332.9685,153.0749,11018.9786,153.15858,13624.442,151.75808
5,96,left,1,-0.2252,0,-4334.5872,151.86261,-45.2464,153.10549,5682.9265,153.16836,6431.4559,151.76938
5,97,left,1,0.1858,1,-1497.3904,151.79352,-1467.0162,153.04611,8671.9418,153.13687,11066.8522,151.74306
5,98,right,1,0.184,0,5848.7442,151.82885,6430.7636,153.08009,6123.5163,153.14767,5999.8441,151.75528
5,99,right,0,-0.0162,1,15663.3265,151.804,15468.2307,153.05377,1186.4302,153.08508,2191.8689,151.6856
6,0,left,1,0.2159,1,19645.1917,151.81639,18274.3065,153.05973,23054.6257,153.12475,23135.8726,151.72034
6,1,right,0,-0.0185,1,9500.0424,151.85709,8360.7384,153.09485,12024.0971,153.13671,10102.3826,151.73481
6,2,right,0,-0.0239,1,11830.1447,151.86736,10961.6311,153.10149,2566.0224,153.17413,1465.1592,151.76692
6,3,left,0,0.0063,1,9068.3575,151.87791,8496.8527,153.10911,11154.1889,153.21268,11256.6766,151.80221
6,4,right,1,0.2161,0,8809.4832,151.91211,7918.8138,153.14229,220.2901,153.22213,-3589.8582,151.81602
6,5,right,1,0.2019,0,9072.7649,151.88705,8225.0591,153.11478,3198.3246,153.15655,-1393.7303,151.74641
6,6,left,1,-0.2119,0,691.9075,151.86167,4766.4669,153.08691,4845.1076,153.09044,7983.1245,151.67681
6,7,right,0,-0.0229,1,15046.9209,151.7965,15013.3342,153.02984,8203.6149,153.06256,8440.4782,151.65063
6,8,left,0,0.0065,1,8315.3055,151.80925,7592.3092,153.0366,14296.0099,153.10136,14247.8002,151.68504
6,9,right,0,-0.0187,1,13747.6142,151.84054,13241.3755,153.06977,4384.8767,153.11136,3735.5811,151.69985
6,10,right,1,0.2139,0,12739.2544,151.85304,9481.7894,153.07887,6956.113,153.14738,-410.5602,151.73452
6,11,left,1,-0.2197,0,-3855.5395,151.82867,3367.3221,153.05494,10866.636,153.08007,13515.0675,151.66455
6,12,left,1,0.2475,1,3756.6191,151.76219,-2929.7205,152.99707,10064.2287,153.05183,6054.104,151.63806
6,13,left,0,0.0051,1,8375.7077,151.79828,7036.0207,153.02745,18216.3883,153.06442,17903.3096,151.64826
6,14,left,1,0.2371,1,5501.3882,151.8301,-2744.1656,153.06371,11374.8674,153.07411,7562.3595,151.66327
6,15,right,1,-0.2413,1,12336.652,151.86635,14063.2054,153.09189,-871.153,153.08526,5800.5353,151.67306
6,16,right,0,-0.0223,1,13066.9953,151.87411,12336.1104,153.10094,14038.2078,153.12074,13268.2898,151.71165
6,17,right,1,-0.2447,1,17995.3443,151.88891,16773.7169,153.10939,-10039.1506,153.1623,-2048.9282,151.74951
6,18,right,1,0.2163,0,10924.2707,151.89694,10902.3733,153.11809,3148.5112,153.19659,-2239.0093,151.78758
6,19,left,0,0.0039,1,10768.6011,151.87149,10953.1276,153.08937,13890.1003,153.13236,14109.302,151.71827
6,20,left,1,0.2253,1,1924.7065,151.90432,-2725.7548,153.12281,10344.501,153.14062,8356.4854,151.73056
6,21,left,1,0.2341,1,5765.209,151.94047,2.0587,153.15513,12864.5527,153.15213,11004.6831,151.74091
6,22,right,0,-0.0193,1,14853.4057,151.97211,14170.8252,153.18617,7501.0629,153.1617,7323.8425,151.75001
6,23,right,1,-0.2417,1,5779.6866,151.98114,8883.2696,153.19235,1867.6292,153.19712,9847.1403,151.78436
6,24,right,1,0.1767,0,12138.0077,151.98784,9785.859,153.2008,7801.492,153.22996,3571.3933,151.82036
6,25,right,1,-0.2431,1,5916.6273,151.96067,8906.9793,153.17387,-901.4944,153.16519,4044.5034,151.75074
6,26,left,1,0.2229,1,77.3323,151.96882,-5137.8437,153.18378,11596.3086,153.19697,11314.3736,151.78621
6,27,right,1,-0.2425,1,4717.2003,152.00358,8898.689,153.21514,4018.3906,153.20707,10856.2231,151.79582
6,28,left,0,0.0043,1,12022.9441,152.01049,11495.7878,153.22475,6624.2966,153.24124,5875.8032,151.83448
6,29,left,0,0.0081,1,10282.5619,152.04458,9770.8846,153.25802,12264.6511,153.25126,12357.1451,151.84804
6,30,right,0,-0.0159,1,9377.4422,152.07479,9085.6366,153.28849,2373.1328,153.25959,1885.8535,151.86186
6,31,right,1,0.2075,0,11559.676,152.08352,9734.2938,153.29556,2224.173,153.29745,-2860.7984,151.89806
6,32,right,1,-0.2333,1,9457.974,152.05718,11173.3572,153.2688,-2424.0789,153.228,5473.4323,151.8271
6,33,left,1,0.2339,1,6378.6511,152.06502,-131.2942,153.27933,13290.9034,153.26144,11547.6036,151.86624
6,34,right,1,0.2209,0,11831.8779,152.09823,9081.9029,153.30818,4709.0315,153.27124,-2014.0093,151.87447
6,35,right,0,-0.0177,1,12530.0448,152.07187,11501.6843,153.28124,4535.233,153.20189,3190.5939,151.80414
6,36,right,1,0.2261,0,11346.3662,152.08261,9379.9147,153.28823,4543.6194,153.23838,-1209.3954,151.83925
6,37,left,1,0.2321,1,1359.5661,152.05668,-4720.1755,153.25974,8784.2914,153.17155,6306.6294,151.76903
6,38,right,0,-0.0201,1,18307.2443,152.09019,16799.5134,153.28794,14894.397,153.18287,13051.8023,151.77964
6,39,left,0,0.0035,1,11317.7885,152.10164,10303.0162,153.29589,14559.55,153.22202,13944.1069,151.81715
6,40,right,1,0.2141,0,7740.3134,152.13279,6565.9324,153.32805,6918.8842,153.23005,3100.0203,151.82885
6,41,right,1,0.2189,0,15171.888,152.10725,13819.5041,153.30062,7686.9342,153.16287,2905.6003,151.76108
6,42,left,1,0.2417,1,822.7405,152.08045,-5790.25,153.27218,11110.3898,153.09726,7870.9775,151.69207
6,43,right,1,0.2147,0,13709.2885,152.11673,12231.2683,153.30351,7883.0638,153.1096,2709.3112,151.70263
6,44,right,1,-0.2439,1,5170.6437,152.08881,7210.3212,153.27504,-659.8633,153.04343,6181.127,151.63406
6,45,right,0,-0.0193,1,12158.7879,152.09524,11074.2563,153.28385,10918.6502,153.08082,10250.9619,151.67519
6,46,right,0,-0.0163,1,14708.6883,152.10498,12585.8891,153.29185,14626.811,153.11921,12361.5312,151.71015
6,47,right,1,0.2025,0,13184.3106,152.11575,11158.5847,153.29981,7648.2592,153.15915,1589.2613,151.74651
6,48,left,1,-0.2051,0,-1281.1614,152.08688,2862.6667,153.26936,4446.6311,153.09056,7358.2194,151.67872
6,49,right,0,-0.0243,1,8634.3126,152.02112,8198.6039,153.2058,5779.8272,153.06021,5192.1111,151.64893
6,50,right,1,-0.2393,1,6459.0387,152.03382,8131.1476,153.21399,159.5091,153.09813,7451.093,151.6837
6,51,right,1,-0.2401,1,10153.1138,152.04171,11607.0954,153.2228,-66.7882,153.13397,8599.6715,151.72153
6,52,left,0,0.0025,1,2578.1504,152.04909,2716.6015,153.23391,16028.8458,153.16889,16599.522,151.76243
6,53,left,1,-0.2215,0,-11171.6867,152.08398,-4724.5407,153.26706,4181.3467,153.17875,7610.7565,151.7755
6,54,right,1,-0.2403,1,4728.4204,152.0146,6942.5229,153.20539,383.8613,153.14966,6834.8093,151.74786
6,55,right,0,-0.0215,1,13031.0281,152.02225,12701.3816,153.21476,9958.1924,153.18265,9618.7725,151.78442
6,56,left,1,-0.2209,0,2300.3952,152.03093,7301.3452,153.2229,13290.6511,153.21794,14726.8825,151.81787
6,57,right,0,-0.0215,1,13592.482,151.96441,13266.6782,153.1637,7420.5254,153.18854,6779.1838,151.79113
6,58,left,1,-0.2339,0,-355.3877,151.97638,3882.2551,153.17226,8935.3404,153.22544,11425.4994,151.82616
6,59,right,1,0.2249,0,8815.8632,151.90998,5795.9851,153.11363,5020.0318,153.19439,118.39,151.7981
6,60,left,1,-0.2189,0,3837.2616,151.88404,7291.8801,153.08662,9007.4163,153.13098,10575.947,151.72932
6,61,right,1,-0.2551,1,4947.9254,151.81885,8289.4481,153.02589,-1257.512,153.10086,5731.5933,151.70132
6,62,left,0,-0.0033,0,6127.5132,151.82565,5566.9399,153.03492,15549.119,153.13413,15339.8017,151.73674
6,63,right,0,-0.0225,1,16780.6895,151.7574,15442.9297,152.98261,8014.1614,153.10066,6331.0839,151.7124
6,64,left,1,-0.2151,0,-3137.5677,151.77113,1435.293,152.99085,15807.4538,153.13771,15990.7688,151.74604
6,65,left,1,-0.2275,0,-653.9751,151.7074,5232.8254,152.93138,10698.415,153.1088,13044.6644,151.71885
6,66,left,1,-0.2205,0,1464.1408,151.64494,5125.1181,152.87626,15130.2885,153.07886,15763.6119,151.6922
6,67,left,1,0.2387,1,8586.7528,151.58115,6083.2715,152.82274,11909.7211,153.05026,10544.6984,151.66704
6,68,right,1,0.2079,0,9683.6983,151.61952,6984.04,152.86011,3530.1433,153.06207,-2076.7634,151.67681
6,69,right,1,0.2307,0,9622.5155,151.59651,7276.8939,152.83526,10012.7219,153.00048,4745.1797,151.60949
6,70,left,0,0.0039,1,4470.5325,151.57218,2876.7594,152.80925,7456.5201,152.93881,6218.3059,151.54285
6,71,right,0,-0.0261,1,11219.6892,151.60663,9953.0346,152.84523,5943.8292,152.94951,4351.8831,151.55851
6,72,right,1,-0.2507,1,8240.1807,151.61981,9855.9958,152.85476,-1705.2911,152.9898,4920.4043,151.59273
6,73,left,0,-0.0007,0,4692.9422,151.62863,4887.2201,152.86487,7818.4007,153.02744,7635.0306,151.63104
6,74,right,1,-0.2441,1,8826.3348,151.56251,9900.705,152.81297,2231.0047,152.99485,8376.6174,151.60737
6,75,right,1,-0.2477,1,3707.6601,151.57303,6038.4669,152.8239,-1200.6632,153.03175,4716.2837,151.64588
6,76,left,0,0.0101,1,7302.0892,151.58319,5993.6369,152.8343,16244.1408,153.06762,15615.2417,151.68523
6,77,right,1,-0.2569,1,2149.8236,151.61617,4571.9424,152.8693,-1569.3514,153.07768,5905.893,151.69937
6,78,right,1,-0.2451,1,3840.6301,151.62437,5900.3883,152.87874,3547.9793,153.11233,9314.883,151.73739
6,79,right,0,-0.0207,1,13225.1745,151.63555,12230.8323,152.89044,12682.9636,153.14783,10948.8228,151.7762
6,80,right,1,0.2129,0,8379.3909,151.6479,7560.5956,152.89883,3898.9625,153.18493,-282.2189,151.8109
6,81,right,0,-0.0251,1,13172.9407,151.62477,13501.2044,152.87316,5303.8353,153.12256,5845.5397,151.74142
6,82,left,1,-0.2337,0,-7098.0519,151.63738,-2199.3813,152.88168,1837.3139,153.15962,4073.8549,151.7734
6,83,left,1,-0.2087,0,-7956.3781,151.57378,-3392.892,152.82344,12249.8777,153.12981,13336.4483,151.74695
6,84,right,1,-0.2457,1,2148.6021,151.5118,4287.6786,152.76872,133.8572,153.10167,6621.3431,151.72077
6,85,left,0,0.0045,1,6663.3474,151.52111,7321.0816,152.77894,10133.009,153.13649,10732.3715,151.757
6,86,left,1,0.2399,1,179.603,151.55382,-4767.2275,152.81724,6532.0783,153.14544,4065.3232,151.77136
6,87,left,1,-0.2235,0,-1833.6204,151.59524,3514.6611,152.85488,11371.8511,153.15874,13437.5478,151.78342
6,88,left,0,0.0043,1,8304.0761,151.53226,8560.7279,152.79881,12436.1716,153.13002,12719.249,151.75666
6,89,right,0,-0.0203,1,17452.6021,151.57001,15908.8118,152.83697,8388.9375,153.14125,6058.0775,151.77389
6,90,right,1,-0.2633,1,2788.9165,151.58139,6156.1672,152.84531,-3552.4663,153.17767,3652.5787,151.80743
6,91,right,1,-0.2433,1,12456.2115,151.59162,13213.3048,152.85705,-1413.8898,153.21255,5525.8852,151.84725
6,92,right,1,0.2021,0,11382.9724,151.60183,10022.9523,152.86695,4999.3627,153.24622,1760.7777,151.88425
6,93,left,1,-0.2373,0,4960.0258,151.57812,10909.3202,152.84076,8458.4757,153.18164,10872.4459,151.81514
6,94,right,0,-0.0239,1,8869.038,151.51645,8336.2724,152.78579,12065.5732,153.15296,11057.7231,151.78876
6,95,right,0,-0.0219,1,13200.1016,151.53146,12369.1983,152.79546,9151.5647,153.19073,8405.181,151.82149
6,96,left,0,0.0035,1,8914.6653,151.54365,8444.4903,152.8042,14508.3823,153.227,14439.7249,151.85383
6,97,right,1,-0.2437,1,10946.1715,151.57785,11888.8577,152.83954,2125.2469,153.23721,7401.8198,151.86859
6,98,left,0,0.0071,1,9740.842,151.58881,8851.256,152.85108,17374.4622,153.27085,17048.5969,151.90617
6,99,left,1,-0.2185,0,-2226.0847,151.62365,2003.7889,152.88867,6933.0745,153.28039,8336.658,151.91838
7,0,right,0,-0.0164,1,25788.5407,151.5609,23809.717,152.83507,24365.1682,153.25164,21986.6679,151.89264
7,1,right,0,-0.0094,1,16938.416,151.57747,15752.5113,152.84542,17590.4896,153.2862,16346.3139,151.92545
7,2,left,1,-0.2132,0,-287.2046,151.59018,7282.2267,152.85482,12859.7804,153.32087,15791.4717,151.95984
7,3,right,1,-0.2418,1,12693.6562,151.52532,12435.486,152.7952,5670.7379,153.2894,10378.1102,151.93173
7,4,left,1,-0.2164,0,959.2615,151.53605,8961.3709,152.8057,14730.5263,153.32064,18016.7061,151.96668
7,5,left,0,0.0084,1,12631.0195,151.47183,12461.6898,152.74929,17334.7432,153.29106,17337.3732,151.93985
7,6,left,1,-0.2368,0,9870.6722,151.50505,12759.0729,152.78514,7214.7976,153.30017,9153.4778,151.95128
7,7,right,1,0.2158,0,10720.1763,151.44055,7644.9322,152.72929,11806.1986,153.26864,5875.0025,151.92319
7,8,right,0,-0.0216,1,16162.9649,151.41675,14998.5192,152.7031,16186.9894,153.20321,15144.5091,151.85039
7,9,left,1,0.2368,1,9948.3937,151.42764,4522.6333,152.71104,14849.8595,153.23836,13811.8562,151.88404
7,10,right,0,-0.0182,1,12135.79,151.46368,10896.646,152.74719,11176.5793,153.24899,10195.6988,151.89623
7,11,left,0,0.0086,1,14608.37,151.47723,13798.3373,152.75617,14191.2013,153.28042,13782.0983,151.92739
7,12,left,1,0.2338,1,8071.3501,151.51086,4585.7619,152.79219,10989.2867,153.28851,9694.6914,151.93844
7,13,right,0,-0.0158,1,17150.1018,151.54651,16110.8,152.82876,12679.75,153.29895,11871.2902,151.94901
7,14,left,1,0.244,1,8743.336,151.55871,2188.1955,152.83746,15520.0866,153.33135,14749.0516,151.98093
7,15,right,1,0.219,0,12820.1943,151.59465,10341.0348,152.87384,13274.2637,153.34189,7746.2167,151.99167
7,16,right,0,-0.0094,1,14045.9874,151.57034,12938.7151,152.84792,15678.8503,153.27293,14059.9679,151.91708
7,17,left,1,-0.2074,0,7503.8607,151.57965,11537.0541,152.85451,14851.6781,153.30551,15980.0685,151.94731
7,18,left,1,-0.2364,0,4597.1123,151.51333,7340.8764,152.79955,14941.9622,153.27458,15018.1232,151.92131
7,19,right,0,-0.0166,1,10875.1525,151.44931,10070.4715,152.74461,16658.4246,153.24412,16088.6404,151.89463
7,20,right,0,-0.014,1,14280.7744,151.46245,13466.5145,152.75397,14447.3864,153.27858,13514.9799,151.92643
7,21,left,1,0.231,1,9513.0585,151.47488,5914.5442,152.76243,16856.9224,153.31457,16433.1508,151.95788
7,22,right,0,-0.0092,1,14586.1257,151.51208,13334.4607,152.79764,16631.7857,153.32492,15203.4434,151.9693
7,23,left,1,0.2236,1,9731.1342,151.52487,6488.4778,152.80709,15649.8878,153.35876,15887.4123,152.00102
7,24,right,1,-0.2298,1,15748.7568,151.56307,15847.4988,152.84375,7401.0388,153.37005,11469.7021,152.01414
7,25,left,0,0.0086,1,10358.3705,151.57409,10655.6934,152.85462,14486.7188,153.4007,14883.4096,152.04825
7,26,right,1,0.2032,0,16628.3909,151.60812,15071.2851,152.89145,13386.8871,153.40989,6754.2976,152.05977
7,27,right,1,0.1926,0,13198.2912,151.5842,11151.3761,152.86468,17712.0201,153.34091,12825.119,151.98727
7,28,right,1,-0.231,1,14098.9237,151.55999,15151.3925,152.83847,4856.7594,153.27488,10071.4985,151.91278
7,29,left,0,0.0076,1,16229.4996,151.56944,15710.0332,152.84767,14924.8757,153.30815,14988.7615,151.94674
7,30,left,0,0.0082,1,16299.004,151.60556,15125.5661,152.88404,15693.958,153.31787,15226.8827,151.96045
7,31,left,1,0.2328,1,8444.6276,151.64124,5878.6935,152.92078,11461.6453,153.32632,10002.6434,151.97231
7,32,right,1,-0.2444,1,12827.71,151.67774,13177.6235,152.95618,6384.9723,153.33715,11985.6355,151.98403
7,33,right,1,0.218,0,12696.0157,151.68829,12199.0238,152.96709,10444.9235,153.37117,6620.4292,152.01963
7,34,right,0,-0.0132,1,18927.7306,151.663,17425.0323,152.93981,15076.8825,153.30333,13378.523,151.94686
7,35,left,1,-0.2218,0,7663.5338,151.67612,10713.1507,152.94822,13285.6771,153.33844,14909.2261,151.98094
7,36,left,1,-0.2152,0,1649.6507,151.61142,5371.6292,152.88933,10646.5048,153.30517,12056.6338,151.95316
7,37,left,0,0.0058,1,10718.308,151.54732,10616.7153,152.83371,13118.3726,153.27455,12995.2703,151.92538
7,38,right,0,-0.0126,1,16960.2386,151.58223,16344.6687,152.86875,13574.4285,153.28488,12916.1549,151.93994
7,39,left,0,0.012,1,12608.664,151.59305,11610.4415,152.8765,16240.4229,153.31738,15739.0007,151.97118
7,40,left,1,0.246,1,12756.2012,151.62816,8697.0153,152.91252,14492.618,153.3263,12610.1456,151.98371
7,41,left,1,-0.2252,0,9041.0586,151.66665,11986.8986,152.94839,9352.2696,153.33777,10792.8359,151.9943
7,42,right,1,0.2116,0,13965.2861,151.59948,12321.7369,152.89004,12462.9299,153.30703,8100.5271,151.96617
7,43,right,0,-0.016,1,9045.4682,151.57441,8027.266,152.86124,10704.746,153.23656,10126.5765,151.8929
7,44,right,0,-0.0138,1,5190.6087,151.58881,4063.447,152.87132,15356.3628,153.27237,14159.8227,151.92293
7,45,right,0,-0.0152,1,17418.0411,151.60301,16662.8543,152.88043,15151.1185,153.30717,14463.2443,151.95403
7,46,right,0,-0.0176,1,16068.3575,151.61619,14887.8022,152.8893,17602.066,153.34133,16878.9267,151.98788
7,47,left,0,0.0098,1,10908.7595,151.62741,10763.6855,152.89648,18048.3135,153.37465,18291.1613,152.01794
7,48,right,0,-0.0114,1,8846.6965,151.66116,8071.7552,152.92872,13710.7456,153.38273,12759.9214,152.02984
7,49,left,0,0.005,1,10127.7576,151.67337,9090.5737,152.93693,7881.6625,153.417,7620.1814,152.06075
7,50,left,1,0.2208,1,11997.9159,151.70768,7558.7213,152.97394,15045.3544,153.42504,13463.2338,152.07083
7,51,right,1,-0.2374,1,12764.7174,151.7427,14249.5959,153.00738,7112.1453,153.4341,11796.0372,152.08062
7,52,left,0,0.0034,1,10131.9617,151.75135,10248.8639,153.01626,13763.659,153.46283,13926.2555,152.11541
7,53,right,1,0.199,0,17587.1956,151.78274,16422.686,153.04961,13894.2983,153.47017,8094.0659,152.12527
7,54,left,0,0.009,1,9562.8142,151.75701,8573.7735,153.02052,12924.117,153.40069,12490.7394,152.05016
7,55,right,0,-0.0126,1,17112.907,151.7875,16134.826,153.05508,16848.6766,153.40706,15864.7423,152.0588
7,56,left,1,0.2364,1,10901.9459,151.79914,6389.2776,153.06277,16016.029,153.44047,15936.3719,152.09219
7,57,left,0,0.0122,1,10293.4368,151.83248,9824.1104,153.09475,15210.7375,153.45013,15043.3531,152.10047
7,58,right,1,-0.2456,1,8515.6997,151.86424,9748.8391,153.12736,3665.4437,153.45633,9449.8958,152.10879
7,59,left,0,0.0042,1,11487.8397,151.87362,10868.0232,153.13694,16014.4381,153.48563,16408.9088,152.14328
7,60,left,1,0.2358,1,10522.3358,151.9061,6992.6842,153.17031,15437.4998,153.49407,14962.5977,152.15597
7,61,left,1,0.2314,1,10679.2532,151.93756,5997.5679,153.19944,14059.9305,153.50339,12981.3944,152.16538
7,62,right,0,-0.0114,1,15957.9831,151.9715,14636.8345,153.22985,13931.5415,153.51235,13168.0043,152.17425
7,63,right,0,-0.018,1,10770.9882,151.98251,10196.8142,153.23672,11811.5242,153.54208,11269.5204,152.20327
7,64,right,1,0.1944,0,15407.348,151.99211,12947.5509,153.24399,11275.9011,153.57221,5210.0465,152.23288
7,65,left,1,-0.2192,0,2260.7233,151.96504,5712.8862,153.21309,7985.5915,153.50013,8948.4091,152.1567
7,66,left,1,0.2344,1,11679.9528,151.8969,7409.842,153.15061,15195.7555,153.46729,14357.252,152.12689
7,67,right,1,-0.2412,1,10583.6863,151.93126,12732.9355,153.18259,4261.1066,153.47604,11303.3529,152.13535
7,68,left,0,0.006,1,14957.9714,151.93816,15133.5151,153.1907,16749.8676,153.50689,17324.3801,152.16891
7,69,left,1,0.2356,1,10250.3425,151.97046,5655.2304,153.22139,9693.6402,153.51415,6958.7188,152.17962
7,70,left,0,0.0058,1,14546.8144,152.00451,13996.8761,153.25287,14446.6555,153.52352,14119.2884,152.18895
7,71,left,1,0.2248,1,8401.1378,152.0364,4061.6267,153.28691,14201.9516,153.53139,13791.2496,152.20083
7,72,right,1,0.2156,0,14526.9688,152.07176,11527.4867,153.31745,9924.6336,153.5405,2260.6519,152.21096
7,73,right,0,-0.0132,1,18493.4101,152.04513,17303.3202,153.28803,10931.5372,153.46927,10025.0901,152.13601
7,74,left,1,0.2402,1,10898.2666,152.05624,5790.1967,153.295,14433.2146,153.50107,13921.2202,152.16763
7,75,left,0,0.0092,1,16717.8279,152.09097,16158.3099,153.32608,10164.1067,153.5105,9875.0809,152.17682
7,76,left,1,0.2118,1,14392.4574,152.12147,7803.3628,153.35758,17577.9852,153.51897,15690.3768,152.18903
7,77,left,1,0.2268,1,14310.5328,152.15458,10968.7425,153.38518,16227.9109,153.52761,15293.1518,152.19765
7,78,right,0,-0.0138,1,11402.5164,152.18768,11000.8544,153.41576,12945.9964,153.53635,12722.9337,152.20699
7,79,right,0,-0.016,1,17315.6351,152.19614,16324.5441,153.4221,13685.4366,153.56888,13275.2485,152.23903
7,80,right,0,-0.014,1,13045.6114,152.20416,12116.3999,153.42735,14226.4738,153.5984,13411.5575,152.26986
7,81,right,1,-0.2318,1,4020.5989,152.21315,8223.3718,153.43424,4320.2349,153.63046,11784.7052,152.3036
7,82,left,1,-0.2128,0,7538.7798,152.21901,12426.1576,153.44063,14269.6853,153.66046,16144.5261,152.33812
7,83,right,0,-0.0104,1,14832.6998,152.14633,13766.1078,153.37425,13627.949,153.62691,13036.5341,152.30787
7,84,left,0,0.0042,1,11367.7919,152.15605,10648.431,153.38108,17611.3945,153.65892,17184.7963,152.33988
7,85,left,1,-0.2228,0,5293.5772,152.18356,9264.0078,153.40736,11814.6162,153.6653,13772.6279,152.34939
7,86,left,0,0.0044,1,13201.3881,152.11145,13226.0518,153.34367,18185.2953,153.63235,18604.981,152.31874
7,87,right,0,-0.0122,1,15210.098,152.14092,14529.4119,153.37458,13217.3707,153.63835,12932.8378,152.32801
7,88,left,1,-0.2338,0,1808.1853,152.14938,6889.2317,153.38014,7230.3627,153.66688,9259.5613,152.35694
7,89,right,0,-0.014,1,11491.773,152.07899,11408.7402,153.31621,13941.8618,153.63428,14127.2027,152.32631
7,90,right,0,-0.013,1,12499.8522,152.088,12178.5088,153.32257,10517.9363,153.66656,10353.959,152.3576
7,91,left,0,-0.0002,0,8568.1853,152.0992,8739.3631,153.32967,12314.9219,153.69649,12862.6457,152.38912
7,92,left,1,-0.2356,0,7016.46,152.02727,12440.8919,153.26798,10223.4973,153.66036,13106.875,152.35988
7,93,left,0,-0.0036,0,9543.0098,151.9581,9905.376,153.20656,15938.6917,153.62832,16522.3341,152.3299
7,94,left,0,0.0086,1,12529.9232,151.88809,12296.6613,153.1491,17473.1843,153.59513,17529.4393,152.30147
7,95,left,0,0.008,1,11120.8072,151.92047,9973.962,153.18045,18553.4763,153.60195,18181.8903,152.31199
7,96,left,1,0.232,1,7708.0412,151.95034,2015.2585,153.2132,13285.7605,153.60824,11302.3385,152.32028
7,97,left,1,0.221,1,9234.9562,151.98479,4386.1443,153.24431,14755.1253,153.6176,13304.044,152.3286
7,98,right,1,0.2194,0,16146.4342,152.01843,14011.3602,153.27122,8228.6207,153.62737,2463.4075,152.33885
7,99,left,0,0.0064,1,9253.3905,151.99227,8605.2747,153.2434,15736.6496,153.55363,15805.17,152.26203
8,0,right,0,-0.0095,1,21175.1903,152.0234,21334.2179,153.27431,14543.0731,153.56197,15565.4208,152.27423
8,1,left,1,-0.2021,0,2243.2106,152.03932,5358.4301,153.28247,7752.7373,153.5956,8822.7305,152.3077
8,2,left,1,0.2369,1,5135.9059,151.97001,3535.2824,153.22149,7837.5035,153.56307,8047.1201,152.27938
8,3,left,1,0.2309,1,1124.7729,152.00549,-1313.2594,153.25496,10111.7684,153.57282,10156.554,152.28969
8,4,left,0,0.0089,1,3571.709,152.03965,4803.8238,153.28767,9713.0941,153.58145,10633.7656,152.29918
8,5,left,0,0.0063,1,4323.4527,152.0687,5714.6607,153.32001,11134.3791,153.58888,11983.1571,152.31
8,6,right,1,0.2087,0,10748.7118,152.09999,10896.8374,153.35403,7277.124,153.59435,5350.0796,152.3183
8,7,right,1,0.1829,0,8418.7261,152.07313,8887.3778,153.3225,-1329.4469,153.52395,-2068.603,152.24061
8,8,right,1,0.1937,0,12663.0704,152.04797,12677.94,153.29423,6068.5574,153.45274,4428.1858,152.16523
8,9,right,1,0.2091,0,9817.5937,152.02241,10230.1837,153.26499,6579.9838,153.38252,4412.462,152.08834
8,10,right,0,-0.0129,1,9590.9654,151.99636,9737.0652,153.23656,7738.6254,153.31399,9045.6128,152.01359
8,11,right,1,0.1877,0,6468.3532,152.00494,7034.6287,153.24141,3765.9893,153.35123,2713.212,152.04834
8,12,left,0,0.0035,1,5856.0072,151.98016,6803.7371,153.21271,10364.5295,153.28678,11368.0846,151.97384
8,13,right,1,-0.2147,1,11762.8278,152.01117,10296.9939,153.24183,-865.2626,153.29295,1238.5977,151.98491
8,14,right,0,-0.0125,1,10802.6327,152.01913,11667.8684,153.24928,6100.4834,153.32933,8158.7055,152.02217
8,15,right,1,-0.2063,1,4445.241,152.02969,4060.3318,153.25607,6832.7321,153.36461,8173.8128,152.05538
8,16,left,0,0.0051,1,2705.7803,152.03831,4023.3477,153.26503,8733.6877,153.39852,10123.4262,152.09316
8,17,left,1,-0.2093,0,763.1447,152.06787,4215.6245,153.29601,6510.6626,153.40627,7394.0899,152.10431
8,18,left,0,0.0081,1,7429.2764,151.99779,9715.0474,153.23387,8509.7341,153.37666,10094.4078,152.07583
8,19,left,0,0.0067,1,4985.3288,152.02837,6868.6708,153.26746,12554.7623,153.38464,13992.7834,152.08849
8,20,right,0,-0.0133,1,8544.36,152.05912,8801.955,153.30174,6457.6091,153.39131,7850.4903,152.10153
8,21,right,0,-0.0137,1,6482.6164,152.07061,7546.5124,153.30779,-553.9604,153.4262,1734.3047,152.13373
8,22,right,0,-0.0107,1,8652.4359,152.08143,8624.0995,153.31412,7185.462,153.46118,8092.0214,152.16634
8,23,left,1,-0.1857,0,5430.1119,152.09204,6366.0631,153.32048,6156.8788,153.49717,6959.7594,152.20135
8,24,left,0,0.0097,1,6287.469,152.02469,7627.9892,153.25893,2135.8087,153.46472,3128.2757,152.17338
8,25,right,1,0.2027,0,8769.0841,152.05755,8331.5856,153.29276,3658.5574,153.47144,396.9015,152.18302
8,26,left,0,0.0053,1,-2141.642,152.03216,-369.6327,153.26482,9380.0073,153.40391,10622.2033,152.10761
8,27,left,1,0.2271,1,4409.3332,152.06261,1691.5614,153.29805,12890.8772,153.41113,15004.5053,152.11856
8,28,left,0,0.0071,1,2935.8324,152.09902,3833.9844,153.32874,12429.3734,153.42106,13230.6002,152.12888
8,29,right,0,-0.0135,1,9410.9807,152.12865,9921.9063,153.36084,2233.4864,153.42735,3587.4691,152.13741
8,30,left,0,0.0071,1,6004.2666,152.13846,7158.1906,153.36661,12859.4448,153.46178,14205.2312,152.16976
8,31,left,0,0.0027,1,296.407,152.17099,1076.4363,153.39927,10359.8318,153.46951,10898.3503,152.18079
8,32,right,1,-0.2213,1,-907.4672,152.1999,-278.3831,153.43219,4647.2946,153.47566,6563.754,152.1936
8,33,right,1,-0.2211,1,3882.2204,152.20823,5308.2153,153.43924,2645.9344,153.5077,5099.2664,152.2271
8,34,right,0,-0.0095,1,8817.4574,152.21643,9569.3265,153.44778,8089.5088,153.54031,9760.259,152.2644
8,35,left,0,0.0067,1,616.0595,152.22618,2506.4476,153.45384,8535.7148,153.5742,10092.0928,152.29671
8,36,right,1,0.2009,0,6354.5627,152.25596,7861.4481,153.48649,3476.7776,153.58033,1551.8239,152.30622
8,37,left,1,0.2267,1,2621.0187,152.23069,454.1237,153.45649,8798.994,153.50993,8321.8282,152.231
8,38,left,1,0.2391,1,5395.47,152.26339,770.888,153.48663,10387.1618,153.51774,9285.7346,152.23894
8,39,right,0,-0.0115,1,8226.4952,152.29622,8673.9923,153.51404,1672.8674,153.52623,2948.0893,152.24692
8,40,left,1,-0.1731,0,3058.8827,152.30509,5473.6831,153.51866,10801.1415,153.56188,10498.6038,152.27983
8,41,left,1,0.2043,1,419.1514,152.23482,380.7275,153.45399,5033.7813,153.52828,6058.7867,152.2516
8,42,left,0,0.0077,1,-5451.2479,152.26714,-4138.3859,153.48247,7354.6361,153.5359,8477.0544,152.26057
8,43,left,1,-0.1833,0,835.3265,152.29684,2600.4465,153.51307,11198.5517,153.54282,10449.3723,152.27161
8,44,left,0,0.0089,1,-879.8871,152.22538,360.4904,153.44708,5333.9606,153.51108,6349.5956,152.24128
8,45,left,0,0.0041,1,6550.0195,152.25424,7818.3558,153.47643,5313.623,153.51868,6436.366,152.25109
8,46,right,1,0.2111,0,13215.0869,152.28267,13222.8742,153.5063,2535.006,153.52459,-780.232,152.2616
8,47,left,0,0.0041,1,5191.4571,152.25583,6794.3349,153.47559,14163.7309,153.45614,15349.5548,152.18667
8,48,left,0,0.0067,1,323.5099,152.28558,2195.551,153.50729,10428.1799,153.46398,11662.0439,152.19927
8,49,right,1,-0.2225,1,2675.5472,152.31345,3214.4579,153.5371,-2698.6884,153.47005,65.9974,152.20951
8,50,left,0,0.0069,1,1528.2326,152.32135,2414.4685,153.54436,16703.6325,153.50457,17829.6873,152.24394
8,51,right,1,0.2141,0,5948.4215,152.34925,4820.2062,153.57452,3130.376,153.51106,-847.9068,152.25531
8,52,right,1,0.2293,0,9875.7291,152.32212,7494.3819,153.54243,8722.6179,153.44074,3774.4059,152.17821
8,53,right,0,-0.0107,1,5989.7856,152.29548,6581.845,153.51159,7086.6642,153.37055,8677.6895,152.09923
8,54,left,0,0.0083,1,2559.744,152.30737,4477.4771,153.51757,7684.1059,153.40807,9021.6311,152.133
8,55,right,0,-0.0105,1,7188.8881,152.33593,7650.6353,153.54545,6328.9047,153.41465,7840.2972,152.14504
8,56,right,0,-0.0097,1,7244.3263,152.34627,8102.7982,153.55125,6973.531,153.45218,8493.6455,152.17889
8,57,right,0,-0.0085,1,9379.7883,152.35349,10042.1137,153.55689,-2059.4637,153.48875,-750.976,152.21317
8,58,left,1,0.2117,1,3405.0555,152.36427,2513.1816,153.56205,8178.2651,153.52529,9576.1785,152.2459
8,59,right,1,0.1979,0,8050.0427,152.39366,7666.3526,153.58988,5289.4931,153.53275,4023.743,152.2541
8,60,left,1,-0.1893,0,4163.544,152.36638,5674.9208,153.55995,5287.0989,153.46421,6915.724,152.17899
8,61,left,0,0.0043,1,-241.8202,152.294,805.3077,153.49577,7523.1818,153.43183,8362.3522,152.14976
8,62,right,1,0.1883,0,9202.1546,152.32313,10960.6281,153.52553,-109.7598,153.43875,48.0605,152.16023
8,63,right,1,-0.2235,1,4210.2371,152.293,5215.6823,153.49431,3347.2773,153.36605,5195.823,152.08722
8,64,right,1,0.1973,0,6840.165,152.29927,6407.7251,153.50156,6050.8915,153.40002,4352.1463,152.1231
8,65,left,1,0.2177,1,-1030.0416,152.27366,-1870.7874,153.4712,9815.6229,153.33512,11063.2608,152.04853
8,66,right,1,-0.2165,1,11161.4299,152.30495,10560.849,153.49878,1910.2582,153.34459,4478.9677,152.05838
8,67,left,1,0.2195,1,4666.6599,152.31074,2292.4307,153.50622,13093.7506,153.37744,13240.2366,152.09396
8,68,right,1,0.1911,0,9074.64,152.34343,9300.9747,153.53728,1988.896,153.38614,62.6147,152.10393
8,69,right,1,0.1721,0,14000.2784,152.31815,16317.1084,153.50857,-594.7889,153.32034,-1994.4837,152.03114
8,70,right,1,0.2041,0,12159.3221,152.29144,11873.4636,153.4796,4987.2337,153.25355,3561.522,151.95987
8,71,right,1,0.2135,0,6865.5426,152.2642,6913.4354,153.45165,9567.5367,153.18549,10369.6768,151.88597
8,72,left,0,0.0069,1,5619.7495,152.23684,6552.7056,153.42217,4774.4526,153.11674,5395.6692,151.81346
8,73,left,0,0.0095,1,502.6946,152.26436,1750.6047,153.45406,16765.7208,153.12387,18031.0406,151.82595
8,74,left,1,0.2229,1,8150.3347,152.29288,7001.7353,153.48486,9030.9794,153.13234,10493.1572,151.83893
8,75,right,0,-0.0121,1,11998.8545,152.32305,12303.4901,153.51167,5633.1267,153.14171,6861.8694,151.84896
8,76,right,0,-0.0121,1,9964.1386,152.33174,10120.5479,153.51803,11134.6109,153.18007,11774.6628,151.88674
8,77,left,1,-0.2161,0,4003.6628,152.34086,5971.9986,153.52408,9497.1996,153.21734,9694.6464,151.9222
8,78,left,1,-0.1931,0,3420.8965,152.26739,3748.6129,153.46021,4957.3163,153.18678,4436.121,151.89553
8,79,right,1,0.2153,0,2760.6915,152.19658,2680.5734,153.39826,4537.6579,153.1579,1818.0145,151.86663
8,80,right,0,-0.0157,1,10664.4555,152.17051,10528.8331,153.36964,1398.9634,153.09354,2055.2833,151.79483
8,81,left,0,0.0057,1,-764.0176,152.18149,925.8831,153.37475,10763.8138,153.13293,11705.8748,151.82961
8,82,left,1,0.2095,1,6931.0054,152.21048,5752.892,153.40434,11482.922,153.14149,13279.2474,151.84301
8,83,left,1,-0.1967,0,5905.0875,152.24492,6197.5168,153.43616,11297.9167,153.15222,10303.9252,151.85365
8,84,right,0,-0.0139,1,9746.3501,152.17395,10422.4642,153.3737,818.7654,153.11981,2769.8734,151.82712
8,85,right,1,-0.2277,1,8295.7362,152.18488,7506.9059,153.38007,7782.3772,153.16023,10029.9446,151.86145
8,86,right,0,-0.0115,1,6688.2438,152.1951,6992.9635,153.38953,4332.2457,153.1972,5545.1129,151.90339
8,87,left,1,-0.2137,0,3637.5604,152.20415,7784.7637,153.39542,13270.213,153.23259,13367.8056,151.93599
8,88,right,0,-0.0165,1,9635.2764,152.13339,9851.4656,153.33266,9839.5887,153.20099,11175.7433,151.90861
8,89,right,0,-0.0131,1,7751.2695,152.14256,8566.2546,153.33907,257.3258,153.2405,1680.8908,151.94336
8,90,left,1,-0.1897,0,3560.7779,152.15225,4582.8839,153.34458,8846.8573,153.27707,8515.3415,151.97597
8,91,left,1,0.2213,1,2615.1104,152.08208,2149.6204,153.27999,1541.5087,153.24659,1166.0317,151.9482
8,92,left,0,0.0067,1,-2393.3718,152.11834,-2142.2265,153.3116,10036.5448,153.25607,10308.1463,151.95671
8,93,left,0,0.0061,1,1963.2819,152.14794,3208.19,153.34336,13515.5623,153.26438,14471.0174,151.96757
8,94,left,1,0.2267,1,3388.7339,152.17864,32.8186,153.37696,5772.736,153.27228,4798.482,151.98096
8,95,right,1,0.1937,0,-2512.7498,152.21065,-2941.3394,153.40798,239.5603,153.28196,-817.5411,151.99264
8,96,right,0,-0.0121,1,11901.7016,152.18498,11607.9233,153.37832,4442.8711,153.21617,5096.7631,151.92006
8,97,left,0,0.0055,1,-1642.5577,152.19396,624.389,153.38388,7375.9549,153.25312,9565.7049,151.95285
8,98,left,1,-0.1945,0,305.7395,152.22591,2316.5911,153.41461,6001.3495,153.26225,6232.1822,151.96634
8,99,left,0,0.0057,1,-1194.7794,152.15742,414.7614,153.35119,6019.3768,153.2357,7521.8243,151.9385
